"KW_ID","THM_ID","KW_THM_USERCREATION","KW_THM_USERUPDATE","KW_THM_DATEUPDATE","KW_THM_DATECREATION"
62,204,"PGERARD","",,25/05/04
161,204,"PGERARD","",,25/05/04
70,200,"PGERARD","",,25/05/04
71,200,"PGERARD","",,25/05/04
177,204,"PGERARD","",,25/05/04
65,204,"PGERARD","",,25/05/04
66,204,"PGERARD","",,25/05/04
67,204,"PGERARD","",,25/05/04
162,198,"PGERARD","",,25/05/04
68,198,"PGERARD","",,25/05/04
69,199,"PGERARD","",,25/05/04
72,200,"PGERARD","",,25/05/04
73,200,"PGERARD","",,25/05/04
163,200,"PGERARD","",,25/05/04
178,200,"PGERARD","",,25/05/04
74,200,"PGERARD","",,25/05/04
75,200,"PGERARD","",,25/05/04
76,200,"PGERARD","",,25/05/04
77,201,"PGERARD","",,25/05/04
164,201,"PGERARD","",,25/05/04
78,201,"PGERARD","",,25/05/04
79,201,"PGERARD","",,25/05/04
165,202,"PGERARD","",,25/05/04
80,202,"PGERARD","",,25/05/04
83,203,"PGERARD","",,25/05/04
84,203,"PGERARD","",,25/05/04
85,203,"PGERARD","",,25/05/04
86,203,"PGERARD","",,25/05/04
87,203,"PGERARD","",,25/05/04
166,203,"PGERARD","",,25/05/04
90,203,"PGERARD","",,25/05/04
88,203,"PGERARD","",,25/05/04
82,203,"PGERARD","",,25/05/04
89,203,"PGERARD","",,25/05/04
91,192,"PGERARD","",,25/05/04
92,192,"PGERARD","",,25/05/04
167,192,"PGERARD","",,25/05/04
93,192,"PGERARD","",,25/05/04
94,192,"PGERARD","",,25/05/04
95,192,"PGERARD","",,25/05/04
96,190,"PGERARD","",,25/05/04
72,190,"PGERARD","",,25/05/04
97,190,"PGERARD","",,25/05/04
98,190,"PGERARD","",,25/05/04
99,190,"PGERARD","",,25/05/04
100,190,"PGERARD","",,25/05/04
101,190,"PGERARD","",,25/05/04
102,190,"PGERARD","",,25/05/04
103,193,"PGERARD","",,25/05/04
104,193,"PGERARD","",,25/05/04
169,193,"PGERARD","",,25/05/04
105,193,"PGERARD","",,25/05/04
106,194,"PGERARD","",,25/05/04
107,194,"PGERARD","",,25/05/04
108,194,"PGERARD","",,25/05/04
153,194,"PGERARD","",,25/05/04
109,194,"PGERARD","",,25/05/04
160,194,"PGERARD","",,25/05/04
110,194,"PGERARD","",,25/05/04
116,196,"PGERARD","",,25/05/04
117,196,"PGERARD","",,25/05/04
118,196,"PGERARD","",,25/05/04
120,197,"PGERARD","",,25/05/04
121,197,"PGERARD","",,25/05/04
122,197,"PGERARD","",,25/05/04
123,197,"PGERARD","",,25/05/04
124,197,"PGERARD","",,25/05/04
172,197,"PGERARD","",,25/05/04
72,185,"PGERARD","",,25/05/04
127,185,"PGERARD","",,25/05/04
173,185,"PGERARD","",,25/05/04
128,185,"PGERARD","",,25/05/04
129,185,"PGERARD","",,25/05/04
131,186,"PGERARD","",,25/05/04
176,186,"PGERARD","",,25/05/04
132,186,"PGERARD","",,25/05/04
133,186,"PGERARD","",,25/05/04
134,186,"PGERARD","",,25/05/04
135,186,"PGERARD","",,25/05/04
174,186,"PGERARD","",,25/05/04
136,186,"PGERARD","",,25/05/04
137,186,"PGERARD","",,25/05/04
138,186,"PGERARD","",,25/05/04
139,186,"PGERARD","",,25/05/04
140,186,"PGERARD","",,25/05/04
130,186,"PGERARD","",,25/05/04
141,186,"PGERARD","",,25/05/04
151,189,"PGERARD","",,25/05/04
154,189,"PGERARD","",,25/05/04
155,189,"PGERARD","",,25/05/04
156,189,"PGERARD","",,25/05/04
157,189,"PGERARD","",,25/05/04
183,205,"PGERARD","",,26/05/04
142,187,"PGERARD","",,25/05/04
143,188,"PGERARD","",,25/05/04
144,188,"PGERARD","",,25/05/04
145,188,"PGERARD","",,25/05/04
146,188,"PGERARD","",,25/05/04
147,188,"PGERARD","",,25/05/04
148,188,"PGERARD","",,25/05/04
149,188,"PGERARD","",,25/05/04
150,188,"PGERARD","",,25/05/04
175,188,"PGERARD","",,25/05/04
152,189,"PGERARD","",,25/05/04
81,202,"GDEROEP","",,27/05/04
168,190,"GDEROEP","",,27/05/04
184,198,"GDEROEP","",,27/05/04
182,198,"GDEROEP","",,27/05/04
186,206,"GDEROEP","",,01/07/04
111,205,"PGERARD","",,25/05/04
114,205,"PGERARD","",,25/05/04
113,205,"PGERARD","",,25/05/04
188,186,"GDEROEP","",,29/10/04
182,205,"PGERARD","",,25/05/04
115,205,"PGERARD","",,25/05/04
170,205,"PGERARD","",,25/05/04
187,205,"GDEROEP","",,01/07/04
