"PRJ_ID","PRJ_CTY_USERCREATION","PRJ_CTY_USERUPDATE","PRJ_CTY_DATECREATION","PRJ_CTY_DATEUPDATE","CTY_ID"
461,"PGERARD","",16/12/09,,336
461,"PGERARD","",16/12/09,,17
461,"PGERARD","",16/12/09,,23
462,"PGERARD","",19/09/11,,242
229,"PGERARD","",09/07/04,,602
169,"PGERARD","",11/01/12,,35
229,"PGERARD","",09/07/04,,208
178,"PGERARD","",11/01/12,,211
229,"PGERARD","",09/07/04,,330
171,"PGERARD","",11/01/12,,210
229,"PGERARD","",09/07/04,,659
464,"PGERARD","",12/01/12,,1414
162,"PGERARD","",12/01/12,,114
229,"PGERARD","",09/07/04,,124
473,"PGERARD","",13/02/12,,148
229,"PGERARD","",09/07/04,,60
229,"PGERARD","",09/07/04,,2
229,"PGERARD","",09/07/04,,96
229,"PGERARD","",09/07/04,,649
229,"PGERARD","",09/07/04,,632
229,"PGERARD","",09/07/04,,71
229,"PGERARD","",09/07/04,,117
229,"PGERARD","",09/07/04,,466
229,"PGERARD","",09/07/04,,633
229,"PGERARD","",09/07/04,,697
229,"PGERARD","",09/07/04,,650
229,"PGERARD","",09/07/04,,17
229,"PGERARD","",09/07/04,,523
229,"PGERARD","",09/07/04,,608
229,"PGERARD","",09/07/04,,332
229,"PGERARD","",09/07/04,,625
229,"PGERARD","",09/07/04,,609
229,"PGERARD","",09/07/04,,581
229,"PGERARD","",09/07/04,,610
229,"PGERARD","",09/07/04,,333
229,"PGERARD","",09/07/04,,23
229,"PGERARD","",09/07/04,,539
229,"PGERARD","",09/07/04,,614
229,"PGERARD","",09/07/04,,636
229,"PGERARD","",09/07/04,,637
229,"PGERARD","",09/07/04,,133
229,"PGERARD","",09/07/04,,616
229,"PGERARD","",09/07/04,,617
229,"PGERARD","",09/07/04,,689
229,"PGERARD","",09/07/04,,48
229,"PGERARD","",09/07/04,,643
229,"PGERARD","",09/07/04,,75
229,"PGERARD","",09/07/04,,76
229,"PGERARD","",09/07/04,,619
229,"PGERARD","",09/07/04,,99
229,"PGERARD","",09/07/04,,167
229,"PGERARD","",09/07/04,,78
229,"PGERARD","",09/07/04,,478
229,"PGERARD","",09/07/04,,626
375,"GDEROEP","",19/04/07,,1381
454,"PGERARD","",29/07/09,,253
376,"GDEROEP","",19/04/07,,1383
235,"PGERARD","",21/01/09,,208
438,"PGERARD","",27/01/09,,253
373,"GDEROEP","",19/04/07,,1388
374,"GDEROEP","",19/04/07,,1379
406,"PGERARD","",27/07/09,,93
443,"PGERARD","",24/07/09,,9
442,"PGERARD","",24/07/09,,9
382,"GDEROEP","",25/04/07,,1390
383,"GDEROEP","",26/04/07,,1375
453,"PGERARD","",29/07/09,,253
380,"GDEROEP","",26/04/07,,1384
444,"PGERARD","",24/07/09,,9
408,"PGERARD","",27/07/09,,48
406,"PGERARD","",27/07/09,,40
406,"PGERARD","",27/07/09,,138
434,"PGERARD","",27/07/09,,964
386,"GDEROEP","",26/04/07,,1384
387,"GDEROEP","",26/04/07,,1377
431,"PGERARD","",27/07/09,,91
434,"PGERARD","",27/07/09,,965
434,"PGERARD","",27/07/09,,23
434,"PGERARD","",27/07/09,,544
173,"PGERARD","",29/07/09,,253
170,"PGERARD","",29/07/09,,35
439,"PGERARD","",29/07/09,,253
168,"PGERARD","",29/07/09,,35
167,"PGERARD","",29/07/09,,35
448,"GDEROEP","",12/08/09,,337
455,"PGERARD","",29/07/09,,35
461,"PGERARD","",16/12/09,,93
456,"PGERARD","",29/07/09,,35
445,"GDEROEP","",12/08/09,,91
385,"GDEROEP","",13/08/08,,286
159,"PGERARD","",13/01/09,,337
215,"GDEROEP","",13/08/09,,502
385,"GDEROEP","",13/08/08,,1372
385,"GDEROEP","",13/08/08,,1371
253,"GDEROEP","",16/02/06,,20
253,"GDEROEP","",16/02/06,,136
253,"GDEROEP","",16/02/06,,71
253,"GDEROEP","",16/02/06,,17
246,"GDEROEP","",16/02/06,,17
254,"GDEROEP","",20/02/06,,182
385,"GDEROEP","",13/08/08,,282
385,"GDEROEP","",13/08/08,,1224
385,"GDEROEP","",13/08/08,,253
251,"GDEROEP","",16/02/06,,71
252,"GDEROEP","",16/02/06,,36
252,"GDEROEP","",16/02/06,,17
254,"GDEROEP","",20/02/06,,1268
254,"GDEROEP","",20/02/06,,967
385,"GDEROEP","",13/08/08,,10
287,"PGERARD","",18/08/08,,239
287,"PGERARD","",18/08/08,,337
287,"PGERARD","",18/08/08,,17
215,"GDEROEP","",13/08/09,,93
215,"GDEROEP","",13/08/09,,136
340,"PGERARD","",14/02/07,,1337
296,"PGERARD","",13/01/09,,24
247,"GDEROEP","",16/02/06,,236
247,"GDEROEP","",16/02/06,,2
247,"GDEROEP","",16/02/06,,17
250,"GDEROEP","",16/02/06,,960
142,"PGERARD","",13/01/09,,208
215,"GDEROEP","",13/08/09,,38
215,"GDEROEP","",13/08/09,,489
215,"GDEROEP","",13/08/09,,148
215,"GDEROEP","",13/08/09,,282
215,"GDEROEP","",13/08/09,,42
215,"GDEROEP","",13/08/09,,234
347,"PGERARD","",14/02/07,,10
250,"GDEROEP","",16/02/06,,337
250,"GDEROEP","",16/02/06,,124
250,"GDEROEP","",16/02/06,,36
250,"GDEROEP","",16/02/06,,71
250,"GDEROEP","",16/02/06,,17
250,"GDEROEP","",16/02/06,,13
242,"GDEROEP","",16/02/06,,93
242,"GDEROEP","",16/02/06,,238
246,"GDEROEP","",16/02/06,,71
247,"GDEROEP","",16/02/06,,13
245,"GDEROEP","",16/02/06,,2
245,"GDEROEP","",16/02/06,,123
215,"GDEROEP","",13/08/09,,456
215,"GDEROEP","",13/08/09,,458
215,"GDEROEP","",13/08/09,,18
215,"GDEROEP","",13/08/09,,109
215,"GDEROEP","",13/08/09,,445
215,"GDEROEP","",13/08/09,,236
215,"GDEROEP","",13/08/09,,95
215,"GDEROEP","",13/08/09,,447
215,"GDEROEP","",13/08/09,,481
215,"GDEROEP","",13/08/09,,15
215,"GDEROEP","",13/08/09,,490
245,"GDEROEP","",16/02/06,,23
254,"GDEROEP","",20/02/06,,69
248,"GDEROEP","",16/02/06,,20
248,"GDEROEP","",16/02/06,,93
248,"GDEROEP","",16/02/06,,21
248,"GDEROEP","",16/02/06,,22
248,"GDEROEP","",16/02/06,,124
248,"GDEROEP","",16/02/06,,36
248,"GDEROEP","",16/02/06,,71
215,"GDEROEP","",13/08/09,,492
215,"GDEROEP","",13/08/09,,493
215,"GDEROEP","",13/08/09,,337
215,"GDEROEP","",13/08/09,,124
215,"GDEROEP","",13/08/09,,102
215,"GDEROEP","",13/08/09,,123
215,"GDEROEP","",13/08/09,,71
215,"GDEROEP","",13/08/09,,494
215,"GDEROEP","",13/08/09,,477
215,"GDEROEP","",13/08/09,,62
215,"GDEROEP","",13/08/09,,466
215,"GDEROEP","",13/08/09,,467
215,"GDEROEP","",13/08/09,,111
215,"GDEROEP","",13/08/09,,3
215,"GDEROEP","",13/08/09,,64
215,"GDEROEP","",13/08/09,,73
215,"GDEROEP","",13/08/09,,46
215,"GDEROEP","",13/08/09,,344
215,"GDEROEP","",13/08/09,,449
215,"GDEROEP","",13/08/09,,1201
215,"GDEROEP","",13/08/09,,468
215,"GDEROEP","",13/08/09,,23
215,"GDEROEP","",13/08/09,,97
215,"GDEROEP","",13/08/09,,9
215,"GDEROEP","",13/08/09,,49
215,"GDEROEP","",13/08/09,,495
215,"GDEROEP","",13/08/09,,67
215,"GDEROEP","",13/08/09,,228
215,"GDEROEP","",13/08/09,,69
215,"GDEROEP","",13/08/09,,83
215,"GDEROEP","",13/08/09,,78
215,"GDEROEP","",13/08/09,,478
230,"PGERARD","",13/07/04,,725
230,"PGERARD","",13/07/04,,803
230,"PGERARD","",13/07/04,,208
230,"PGERARD","",13/07/04,,110
230,"PGERARD","",13/07/04,,659
230,"PGERARD","",13/07/04,,2
230,"PGERARD","",13/07/04,,96
230,"PGERARD","",13/07/04,,649
230,"PGERARD","",13/07/04,,123
230,"PGERARD","",13/07/04,,566
230,"PGERARD","",13/07/04,,117
230,"PGERARD","",13/07/04,,805
230,"PGERARD","",13/07/04,,819
230,"PGERARD","",13/07/04,,650
230,"PGERARD","",13/07/04,,17
230,"PGERARD","",13/07/04,,332
230,"PGERARD","",13/07/04,,609
230,"PGERARD","",13/07/04,,539
230,"PGERARD","",13/07/04,,637
230,"PGERARD","",13/07/04,,133
230,"PGERARD","",13/07/04,,616
230,"PGERARD","",13/07/04,,689
230,"PGERARD","",13/07/04,,97
230,"PGERARD","",13/07/04,,739
230,"PGERARD","",13/07/04,,34
230,"PGERARD","",13/07/04,,643
230,"PGERARD","",13/07/04,,219
230,"PGERARD","",13/07/04,,76
230,"PGERARD","",13/07/04,,99
230,"PGERARD","",13/07/04,,167
230,"PGERARD","",13/07/04,,78
230,"PGERARD","",13/07/04,,626
248,"GDEROEP","",16/02/06,,17
248,"GDEROEP","",16/02/06,,23
248,"GDEROEP","",16/02/06,,82
248,"GDEROEP","",16/02/06,,6
254,"GDEROEP","",20/02/06,,242
254,"GDEROEP","",20/02/06,,290
254,"GDEROEP","",20/02/06,,26
254,"GDEROEP","",20/02/06,,169
254,"GDEROEP","",20/02/06,,403
254,"GDEROEP","",20/02/06,,1013
254,"GDEROEP","",20/02/06,,409
254,"GDEROEP","",20/02/06,,93
254,"GDEROEP","",20/02/06,,136
254,"GDEROEP","",20/02/06,,210
254,"GDEROEP","",20/02/06,,38
254,"GDEROEP","",20/02/06,,1255
254,"GDEROEP","",20/02/06,,21
254,"GDEROEP","",20/02/06,,11
254,"GDEROEP","",20/02/06,,552
254,"GDEROEP","",20/02/06,,37
254,"GDEROEP","",20/02/06,,1101
254,"GDEROEP","",20/02/06,,70
254,"GDEROEP","",20/02/06,,286
254,"GDEROEP","",20/02/06,,1271
254,"GDEROEP","",20/02/06,,33
254,"GDEROEP","",20/02/06,,422
254,"GDEROEP","",20/02/06,,424
254,"GDEROEP","",20/02/06,,40
254,"GDEROEP","",20/02/06,,30
254,"GDEROEP","",20/02/06,,22
254,"GDEROEP","",20/02/06,,116
288,"PGERARD","",19/05/05,,362
254,"GDEROEP","",20/02/06,,317
145,"PGERARD","",13/01/09,,321
184,"PGERARD","",02/06/04,,33
223,"GDEROEP","",13/08/09,,22
223,"GDEROEP","",13/08/09,,234
294,"PGERARD","",02/03/06,,107
223,"GDEROEP","",13/08/09,,239
223,"GDEROEP","",13/08/09,,3
158,"PGERARD","",13/01/09,,324
181,"PGERARD","",13/01/09,,22
223,"GDEROEP","",13/08/09,,341
384,"GDEROEP","",13/08/09,,502
384,"GDEROEP","",13/08/09,,21
275,"PGERARD","",28/07/09,,234
275,"PGERARD","",28/07/09,,337
275,"PGERARD","",28/07/09,,1234
126,"PGERARD","",17/09/09,,169
126,"PGERARD","",17/09/09,,38
126,"PGERARD","",17/09/09,,94
126,"PGERARD","",17/09/09,,37
294,"PGERARD","",02/03/06,,15
294,"PGERARD","",02/03/06,,73
393,"GDEROEP","",13/08/09,,502
430,"GDEROEP","",13/08/09,,964
430,"GDEROEP","",13/08/09,,96
430,"GDEROEP","",13/08/09,,337
430,"GDEROEP","",13/08/09,,23
430,"GDEROEP","",13/08/09,,544
268,"GDEROEP","",21/02/06,,57
268,"GDEROEP","",21/02/06,,1158
268,"GDEROEP","",21/02/06,,132
268,"GDEROEP","",21/02/06,,2
268,"GDEROEP","",21/02/06,,91
268,"GDEROEP","",21/02/06,,468
268,"GDEROEP","",21/02/06,,23
268,"GDEROEP","",21/02/06,,99
124,"PGERARD","",17/09/09,,26
124,"PGERARD","",17/09/09,,21
124,"PGERARD","",17/09/09,,37
124,"PGERARD","",17/09/09,,70
124,"PGERARD","",17/09/09,,39
124,"PGERARD","",17/09/09,,33
124,"PGERARD","",17/09/09,,284
124,"PGERARD","",17/09/09,,22
294,"PGERARD","",02/03/06,,94
124,"PGERARD","",17/09/09,,104
124,"PGERARD","",17/09/09,,14
124,"PGERARD","",17/09/09,,88
124,"PGERARD","",17/09/09,,107
124,"PGERARD","",17/09/09,,108
124,"PGERARD","",17/09/09,,43
124,"PGERARD","",17/09/09,,109
124,"PGERARD","",17/09/09,,86
124,"PGERARD","",17/09/09,,101
124,"PGERARD","",17/09/09,,15
124,"PGERARD","",17/09/09,,87
124,"PGERARD","",17/09/09,,35
124,"PGERARD","",17/09/09,,79
124,"PGERARD","",17/09/09,,44
124,"PGERARD","",17/09/09,,110
124,"PGERARD","",17/09/09,,124
124,"PGERARD","",17/09/09,,32
124,"PGERARD","",17/09/09,,89
124,"PGERARD","",17/09/09,,340
124,"PGERARD","",17/09/09,,102
124,"PGERARD","",17/09/09,,41
124,"PGERARD","",17/09/09,,111
124,"PGERARD","",17/09/09,,64
265,"PGERARD","",30/08/04,,57
265,"PGERARD","",30/08/04,,1158
265,"PGERARD","",30/08/04,,132
265,"PGERARD","",30/08/04,,2
265,"PGERARD","",30/08/04,,91
265,"PGERARD","",30/08/04,,468
265,"PGERARD","",30/08/04,,23
124,"PGERARD","",17/09/09,,46
265,"PGERARD","",30/08/04,,99
265,"PGERARD","",30/08/04,,6
124,"PGERARD","",17/09/09,,344
124,"PGERARD","",17/09/09,,343
124,"PGERARD","",17/09/09,,113
124,"PGERARD","",17/09/09,,338
124,"PGERARD","",17/09/09,,13
124,"PGERARD","",17/09/09,,82
124,"PGERARD","",17/09/09,,31
124,"PGERARD","",17/09/09,,191
124,"PGERARD","",17/09/09,,34
124,"PGERARD","",17/09/09,,67
124,"PGERARD","",17/09/09,,16
124,"PGERARD","",17/09/09,,54
254,"GDEROEP","",20/02/06,,974
254,"GDEROEP","",20/02/06,,197
254,"GDEROEP","",20/02/06,,562
254,"GDEROEP","",20/02/06,,234
254,"GDEROEP","",20/02/06,,104
254,"GDEROEP","",20/02/06,,293
254,"GDEROEP","",20/02/06,,106
254,"GDEROEP","",20/02/06,,14
254,"GDEROEP","",20/02/06,,143
254,"GDEROEP","",20/02/06,,1265
254,"GDEROEP","",20/02/06,,107
254,"GDEROEP","",20/02/06,,549
254,"GDEROEP","",20/02/06,,1269
254,"GDEROEP","",20/02/06,,18
254,"GDEROEP","",20/02/06,,108
254,"GDEROEP","",20/02/06,,80
254,"GDEROEP","",20/02/06,,295
254,"GDEROEP","",20/02/06,,52
254,"GDEROEP","",20/02/06,,1107
254,"GDEROEP","",20/02/06,,235
254,"GDEROEP","",20/02/06,,109
254,"GDEROEP","",20/02/06,,86
254,"GDEROEP","",20/02/06,,1111
254,"GDEROEP","",20/02/06,,236
254,"GDEROEP","",20/02/06,,138
254,"GDEROEP","",20/02/06,,237
254,"GDEROEP","",20/02/06,,221
254,"GDEROEP","",20/02/06,,101
254,"GDEROEP","",20/02/06,,1005
254,"GDEROEP","",20/02/06,,296
254,"GDEROEP","",20/02/06,,238
254,"GDEROEP","",20/02/06,,447
254,"GDEROEP","",20/02/06,,15
254,"GDEROEP","",20/02/06,,1138
254,"GDEROEP","",20/02/06,,336
254,"GDEROEP","",20/02/06,,1264
254,"GDEROEP","",20/02/06,,1142
254,"GDEROEP","",20/02/06,,1118
254,"GDEROEP","",20/02/06,,87
254,"GDEROEP","",20/02/06,,1120
254,"GDEROEP","",20/02/06,,35
254,"GDEROEP","",20/02/06,,88
254,"GDEROEP","",20/02/06,,1122
254,"GDEROEP","",20/02/06,,1224
254,"GDEROEP","",20/02/06,,152
254,"GDEROEP","",20/02/06,,44
254,"GDEROEP","",20/02/06,,493
254,"GDEROEP","",20/02/06,,110
254,"GDEROEP","",20/02/06,,239
254,"GDEROEP","",20/02/06,,659
254,"GDEROEP","",20/02/06,,124
254,"GDEROEP","",20/02/06,,240
254,"GDEROEP","",20/02/06,,32
254,"GDEROEP","",20/02/06,,89
254,"GDEROEP","",20/02/06,,36
254,"GDEROEP","",20/02/06,,251
254,"GDEROEP","",20/02/06,,60
254,"GDEROEP","",20/02/06,,1234
254,"GDEROEP","",20/02/06,,2
254,"GDEROEP","",20/02/06,,1124
254,"GDEROEP","",20/02/06,,1253
254,"GDEROEP","",20/02/06,,96
254,"GDEROEP","",20/02/06,,102
254,"GDEROEP","",20/02/06,,41
254,"GDEROEP","",20/02/06,,1126
254,"GDEROEP","",20/02/06,,123
254,"GDEROEP","",20/02/06,,303
254,"GDEROEP","",20/02/06,,304
254,"GDEROEP","",20/02/06,,1208
254,"GDEROEP","",20/02/06,,193
254,"GDEROEP","",20/02/06,,71
254,"GDEROEP","",20/02/06,,1014
254,"GDEROEP","",20/02/06,,1127
254,"GDEROEP","",20/02/06,,288
254,"GDEROEP","",20/02/06,,62
254,"GDEROEP","",20/02/06,,119
254,"GDEROEP","",20/02/06,,253
254,"GDEROEP","",20/02/06,,111
254,"GDEROEP","",20/02/06,,112
254,"GDEROEP","",20/02/06,,1239
254,"GDEROEP","",20/02/06,,3
254,"GDEROEP","",20/02/06,,64
254,"GDEROEP","",20/02/06,,73
254,"GDEROEP","",20/02/06,,1139
254,"GDEROEP","",20/02/06,,540
254,"GDEROEP","",20/02/06,,1273
254,"GDEROEP","",20/02/06,,46
254,"GDEROEP","",20/02/06,,65
254,"GDEROEP","",20/02/06,,805
254,"GDEROEP","",20/02/06,,103
254,"GDEROEP","",20/02/06,,1249
254,"GDEROEP","",20/02/06,,113
254,"GDEROEP","",20/02/06,,1267
254,"GDEROEP","",20/02/06,,819
254,"GDEROEP","",20/02/06,,27
254,"GDEROEP","",20/02/06,,1036
254,"GDEROEP","",20/02/06,,1201
254,"GDEROEP","",20/02/06,,17
254,"GDEROEP","",20/02/06,,991
254,"GDEROEP","",20/02/06,,1225
254,"GDEROEP","",20/02/06,,1274
254,"GDEROEP","",20/02/06,,1227
254,"GDEROEP","",20/02/06,,91
254,"GDEROEP","",20/02/06,,1245
254,"GDEROEP","",20/02/06,,13
254,"GDEROEP","",20/02/06,,1257
254,"GDEROEP","",20/02/06,,212
254,"GDEROEP","",20/02/06,,468
254,"GDEROEP","",20/02/06,,19
254,"GDEROEP","",20/02/06,,25
254,"GDEROEP","",20/02/06,,333
254,"GDEROEP","",20/02/06,,1254
254,"GDEROEP","",20/02/06,,23
268,"GDEROEP","",21/02/06,,6
126,"PGERARD","",17/09/09,,70
126,"PGERARD","",17/09/09,,57
126,"PGERARD","",17/09/09,,39
126,"PGERARD","",17/09/09,,40
126,"PGERARD","",17/09/09,,284
128,"PGERARD","",17/09/09,,106
128,"PGERARD","",17/09/09,,108
128,"PGERARD","",17/09/09,,109
128,"PGERARD","",17/09/09,,221
151,"PGERARD","",10/04/06,,32
257,"GDEROEP","",23/08/06,,169
257,"GDEROEP","",23/08/06,,651
154,"GDEROEP","",12/04/06,,117
257,"GDEROEP","",23/08/06,,20
257,"GDEROEP","",23/08/06,,93
257,"GDEROEP","",23/08/06,,806
156,"PGERARD","",10/04/06,,13
274,"GDEROEP","",23/08/06,,242
257,"GDEROEP","",23/08/06,,590
257,"GDEROEP","",23/08/06,,104
257,"GDEROEP","",23/08/06,,526
257,"GDEROEP","",23/08/06,,598
257,"GDEROEP","",23/08/06,,95
257,"GDEROEP","",23/08/06,,753
257,"GDEROEP","",23/08/06,,208
257,"GDEROEP","",23/08/06,,725
257,"GDEROEP","",23/08/06,,110
257,"GDEROEP","",23/08/06,,659
257,"GDEROEP","",23/08/06,,2
257,"GDEROEP","",23/08/06,,96
257,"GDEROEP","",23/08/06,,649
257,"GDEROEP","",23/08/06,,123
257,"GDEROEP","",23/08/06,,117
257,"GDEROEP","",23/08/06,,650
254,"GDEROEP","",20/02/06,,823
257,"GDEROEP","",23/08/06,,17
222,"GDEROEP","",20/02/06,,544
390,"GDEROEP","",27/04/07,,1382
334,"GDEROEP","",12/04/07,,1383
392,"GDEROEP","",27/04/07,,1380
400,"GDEROEP","",07/05/07,,1385
391,"GDEROEP","",27/04/07,,1378
257,"GDEROEP","",23/08/06,,332
257,"GDEROEP","",23/08/06,,637
257,"GDEROEP","",23/08/06,,689
257,"GDEROEP","",23/08/06,,97
257,"GDEROEP","",23/08/06,,739
257,"GDEROEP","",23/08/06,,34
257,"GDEROEP","",23/08/06,,643
257,"GDEROEP","",23/08/06,,76
257,"GDEROEP","",23/08/06,,99
257,"GDEROEP","",23/08/06,,167
257,"GDEROEP","",23/08/06,,78
197,"GDEROEP","",20/02/06,,216
197,"GDEROEP","",20/02/06,,93
197,"GDEROEP","",20/02/06,,221
197,"GDEROEP","",20/02/06,,15
197,"GDEROEP","",20/02/06,,208
197,"GDEROEP","",20/02/06,,32
197,"GDEROEP","",20/02/06,,89
197,"GDEROEP","",20/02/06,,25
197,"GDEROEP","",20/02/06,,1100
197,"GDEROEP","",20/02/06,,218
197,"GDEROEP","",20/02/06,,6
257,"GDEROEP","",23/08/06,,626
274,"GDEROEP","",23/08/06,,18
274,"GDEROEP","",23/08/06,,95
274,"GDEROEP","",23/08/06,,1322
274,"GDEROEP","",23/08/06,,65
274,"GDEROEP","",23/08/06,,697
396,"GDEROEP","",07/05/07,,1390
314,"GDEROEP","",12/04/07,,1386
318,"GDEROEP","",12/04/07,,1389
401,"GDEROEP","",07/05/07,,1387
394,"GDEROEP","",07/05/07,,1384
330,"GDEROEP","",12/04/07,,1379
161,"PGERARD","",08/10/07,,9
379,"GDEROEP","",07/05/07,,210
395,"GDEROEP","",07/05/07,,1385
317,"GDEROEP","",12/04/07,,1388
377,"GDEROEP","",19/04/07,,1386
329,"GDEROEP","",12/04/07,,210
332,"GDEROEP","",12/04/07,,1381
329,"GDEROEP","",12/04/07,,306
329,"GDEROEP","",12/04/07,,1391
379,"GDEROEP","",07/05/07,,306
399,"GDEROEP","",07/05/07,,1377
378,"GDEROEP","",19/04/07,,1389
379,"GDEROEP","",07/05/07,,1391
397,"GDEROEP","",07/05/07,,1391
398,"GDEROEP","",07/05/07,,282
398,"GDEROEP","",07/05/07,,321
126,"PGERARD","",17/09/09,,282
126,"PGERARD","",17/09/09,,42
126,"PGERARD","",17/09/09,,104
126,"PGERARD","",17/09/09,,106
126,"PGERARD","",17/09/09,,14
126,"PGERARD","",17/09/09,,18
126,"PGERARD","",17/09/09,,43
126,"PGERARD","",17/09/09,,52
126,"PGERARD","",17/09/09,,237
126,"PGERARD","",17/09/09,,221
126,"PGERARD","",17/09/09,,101
126,"PGERARD","",17/09/09,,238
126,"PGERARD","",17/09/09,,15
126,"PGERARD","",17/09/09,,84
126,"PGERARD","",17/09/09,,44
126,"PGERARD","",17/09/09,,110
126,"PGERARD","",17/09/09,,337
126,"PGERARD","",17/09/09,,89
126,"PGERARD","",17/09/09,,340
126,"PGERARD","",17/09/09,,60
126,"PGERARD","",17/09/09,,2
126,"PGERARD","",17/09/09,,102
126,"PGERARD","",17/09/09,,123
126,"PGERARD","",17/09/09,,71
126,"PGERARD","",17/09/09,,111
228,"GDEROEP","",20/02/06,,532
228,"GDEROEP","",20/02/06,,93
126,"PGERARD","",17/09/09,,64
126,"PGERARD","",17/09/09,,46
228,"GDEROEP","",20/02/06,,562
228,"GDEROEP","",20/02/06,,477
228,"GDEROEP","",20/02/06,,23
126,"PGERARD","",17/09/09,,65
126,"PGERARD","",17/09/09,,47
126,"PGERARD","",17/09/09,,113
126,"PGERARD","",17/09/09,,27
126,"PGERARD","",17/09/09,,338
126,"PGERARD","",17/09/09,,91
126,"PGERARD","",17/09/09,,97
126,"PGERARD","",17/09/09,,48
126,"PGERARD","",17/09/09,,34
126,"PGERARD","",17/09/09,,67
126,"PGERARD","",17/09/09,,16
126,"PGERARD","",17/09/09,,54
126,"PGERARD","",17/09/09,,76
126,"PGERARD","",17/09/09,,99
126,"PGERARD","",17/09/09,,341
126,"PGERARD","",17/09/09,,28
126,"PGERARD","",17/09/09,,78
126,"PGERARD","",17/09/09,,6
126,"PGERARD","",17/09/09,,12
128,"PGERARD","",17/09/09,,26
230,"PGERARD","",13/07/04,,169
230,"PGERARD","",13/07/04,,479
230,"PGERARD","",13/07/04,,651
230,"PGERARD","",13/07/04,,20
230,"PGERARD","",13/07/04,,93
230,"PGERARD","",13/07/04,,593
230,"PGERARD","",13/07/04,,327
230,"PGERARD","",13/07/04,,806
230,"PGERARD","",13/07/04,,116
230,"PGERARD","",13/07/04,,722
230,"PGERARD","",13/07/04,,590
230,"PGERARD","",13/07/04,,104
230,"PGERARD","",13/07/04,,753
230,"PGERARD","",13/07/04,,526
230,"PGERARD","",13/07/04,,790
230,"PGERARD","",13/07/04,,598
230,"PGERARD","",13/07/04,,95
228,"GDEROEP","",20/02/06,,97
228,"GDEROEP","",20/02/06,,76
295,"GDEROEP","",20/02/06,,253
128,"PGERARD","",17/09/09,,93
262,"GDEROEP","",01/10/04,,362
128,"PGERARD","",17/09/09,,21
128,"PGERARD","",17/09/09,,37
254,"GDEROEP","",20/02/06,,82
254,"GDEROEP","",20/02/06,,162
254,"GDEROEP","",20/02/06,,31
254,"GDEROEP","",20/02/06,,1250
254,"GDEROEP","",20/02/06,,133
254,"GDEROEP","",20/02/06,,334
254,"GDEROEP","",20/02/06,,617
254,"GDEROEP","",20/02/06,,689
254,"GDEROEP","",20/02/06,,10
254,"GDEROEP","",20/02/06,,306
254,"GDEROEP","",20/02/06,,97
254,"GDEROEP","",20/02/06,,544
254,"GDEROEP","",20/02/06,,1033
254,"GDEROEP","",20/02/06,,48
254,"GDEROEP","",20/02/06,,1256
254,"GDEROEP","",20/02/06,,1223
254,"GDEROEP","",20/02/06,,34
254,"GDEROEP","",20/02/06,,67
254,"GDEROEP","",20/02/06,,228
254,"GDEROEP","",20/02/06,,308
254,"GDEROEP","",20/02/06,,16
254,"GDEROEP","",20/02/06,,54
254,"GDEROEP","",20/02/06,,1276
254,"GDEROEP","",20/02/06,,1100
254,"GDEROEP","",20/02/06,,310
254,"GDEROEP","",20/02/06,,1144
254,"GDEROEP","",20/02/06,,84
254,"GDEROEP","",20/02/06,,206
254,"GDEROEP","",20/02/06,,289
254,"GDEROEP","",20/02/06,,75
254,"GDEROEP","",20/02/06,,325
254,"GDEROEP","",20/02/06,,76
254,"GDEROEP","",20/02/06,,83
254,"GDEROEP","",20/02/06,,1222
254,"GDEROEP","",20/02/06,,98
254,"GDEROEP","",20/02/06,,1028
254,"GDEROEP","",20/02/06,,78
254,"GDEROEP","",20/02/06,,478
254,"GDEROEP","",20/02/06,,6
254,"GDEROEP","",20/02/06,,24
254,"GDEROEP","",20/02/06,,28
254,"GDEROEP","",20/02/06,,114
254,"GDEROEP","",20/02/06,,1237
254,"GDEROEP","",20/02/06,,1132
254,"GDEROEP","",20/02/06,,1031
254,"GDEROEP","",20/02/06,,966
198,"GDEROEP","",20/02/06,,26
198,"GDEROEP","",20/02/06,,20
198,"GDEROEP","",20/02/06,,93
267,"PGERARD","",03/09/04,,253
198,"GDEROEP","",20/02/06,,94
182,"GDEROEP","",23/05/06,,22
123,"GDEROEP","",26/06/12,,1434
123,"GDEROEP","",26/06/12,,1435
123,"GDEROEP","",26/06/12,,26
123,"GDEROEP","",26/06/12,,1438
123,"GDEROEP","",26/06/12,,169
123,"GDEROEP","",26/06/12,,20
198,"GDEROEP","",20/02/06,,69
198,"GDEROEP","",20/02/06,,70
471,"GDEROEP","",17/01/12,,114
198,"GDEROEP","",20/02/06,,39
198,"GDEROEP","",20/02/06,,284
198,"GDEROEP","",20/02/06,,282
198,"GDEROEP","",20/02/06,,22
198,"GDEROEP","",20/02/06,,138
198,"GDEROEP","",20/02/06,,221
198,"GDEROEP","",20/02/06,,15
198,"GDEROEP","",20/02/06,,88
198,"GDEROEP","",20/02/06,,124
198,"GDEROEP","",20/02/06,,36
198,"GDEROEP","",20/02/06,,71
198,"GDEROEP","",20/02/06,,111
198,"GDEROEP","",20/02/06,,113
198,"GDEROEP","",20/02/06,,91
198,"GDEROEP","",20/02/06,,13
198,"GDEROEP","",20/02/06,,25
198,"GDEROEP","",20/02/06,,23
198,"GDEROEP","",20/02/06,,82
198,"GDEROEP","",20/02/06,,97
198,"GDEROEP","",20/02/06,,49
198,"GDEROEP","",20/02/06,,191
198,"GDEROEP","",20/02/06,,34
198,"GDEROEP","",20/02/06,,228
198,"GDEROEP","",20/02/06,,76
198,"GDEROEP","",20/02/06,,78
198,"GDEROEP","",20/02/06,,229
155,"GDEROEP","",12/04/06,,253
260,"PGERARD","",17/09/09,,965
266,"GDEROEP","",21/02/06,,1101
260,"PGERARD","",17/09/09,,964
172,"GDEROEP","",24/07/06,,117
149,"GDEROEP","",12/04/06,,35
260,"PGERARD","",17/09/09,,23
177,"GDEROEP","",02/05/06,,211
179,"GDEROEP","",02/05/06,,211
180,"GDEROEP","",02/05/06,,211
183,"GDEROEP","",23/05/06,,22
260,"PGERARD","",17/09/09,,544
220,"GDEROEP","",13/02/12,,532
266,"GDEROEP","",21/02/06,,106
266,"GDEROEP","",21/02/06,,1302
266,"GDEROEP","",21/02/06,,44
266,"GDEROEP","",21/02/06,,82
266,"GDEROEP","",21/02/06,,6
261,"GDEROEP","",17/01/12,,422
261,"GDEROEP","",17/01/12,,14
261,"GDEROEP","",17/01/12,,54
220,"GDEROEP","",13/02/12,,182
220,"GDEROEP","",13/02/12,,93
220,"GDEROEP","",13/02/12,,94
220,"GDEROEP","",13/02/12,,57
220,"GDEROEP","",13/02/12,,116
220,"GDEROEP","",13/02/12,,175
220,"GDEROEP","",13/02/12,,184
220,"GDEROEP","",13/02/12,,143
220,"GDEROEP","",13/02/12,,541
220,"GDEROEP","",13/02/12,,84
220,"GDEROEP","",13/02/12,,180
220,"GDEROEP","",13/02/12,,168
141,"GDEROEP","",23/02/06,,318
220,"GDEROEP","",13/02/12,,109
114,"GDEROEP","",23/02/06,,22
220,"GDEROEP","",13/02/12,,86
220,"GDEROEP","",13/02/12,,95
220,"GDEROEP","",13/02/12,,197
220,"GDEROEP","",13/02/12,,152
124,"PGERARD","",17/09/09,,92
124,"PGERARD","",17/09/09,,75
124,"PGERARD","",17/09/09,,83
124,"PGERARD","",17/09/09,,341
124,"PGERARD","",17/09/09,,28
124,"PGERARD","",17/09/09,,78
124,"PGERARD","",17/09/09,,6
124,"PGERARD","",17/09/09,,24
124,"PGERARD","",17/09/09,,12
128,"PGERARD","",17/09/09,,101
128,"PGERARD","",17/09/09,,15
128,"PGERARD","",17/09/09,,84
128,"PGERARD","",17/09/09,,44
128,"PGERARD","",17/09/09,,110
128,"PGERARD","",17/09/09,,337
128,"PGERARD","",17/09/09,,60
233,"PGERARD","",05/07/04,,93
233,"PGERARD","",05/07/04,,94
233,"PGERARD","",05/07/04,,95
233,"PGERARD","",05/07/04,,60
233,"PGERARD","",05/07/04,,2
233,"PGERARD","",05/07/04,,96
233,"PGERARD","",05/07/04,,123
233,"PGERARD","",05/07/04,,468
233,"PGERARD","",05/07/04,,133
233,"PGERARD","",05/07/04,,98
127,"GDEROEP","",24/07/06,,94
127,"GDEROEP","",24/07/06,,286
127,"GDEROEP","",24/07/06,,337
127,"GDEROEP","",24/07/06,,60
127,"GDEROEP","",24/07/06,,64
127,"GDEROEP","",24/07/06,,27
127,"GDEROEP","",24/07/06,,17
229,"PGERARD","",09/07/04,,589
229,"PGERARD","",09/07/04,,654
127,"GDEROEP","",24/07/06,,97
127,"GDEROEP","",24/07/06,,34
127,"GDEROEP","",24/07/06,,6
128,"PGERARD","",17/09/09,,102
128,"PGERARD","",17/09/09,,46
185,"GDEROEP","",23/05/06,,318
128,"PGERARD","",17/09/09,,97
127,"GDEROEP","",24/07/06,,93
128,"PGERARD","",17/09/09,,34
128,"PGERARD","",17/09/09,,6
234,"GDEROEP","",25/07/06,,169
234,"GDEROEP","",25/07/06,,651
234,"GDEROEP","",25/07/06,,93
234,"GDEROEP","",25/07/06,,920
234,"GDEROEP","",25/07/06,,593
234,"GDEROEP","",25/07/06,,327
234,"GDEROEP","",25/07/06,,94
234,"GDEROEP","",25/07/06,,703
234,"GDEROEP","",25/07/06,,116
234,"GDEROEP","",25/07/06,,590
234,"GDEROEP","",25/07/06,,847
234,"GDEROEP","",25/07/06,,329
234,"GDEROEP","",25/07/06,,138
234,"GDEROEP","",25/07/06,,95
234,"GDEROEP","",25/07/06,,600
234,"GDEROEP","",25/07/06,,287
234,"GDEROEP","",25/07/06,,601
234,"GDEROEP","",25/07/06,,925
234,"GDEROEP","",25/07/06,,602
234,"GDEROEP","",25/07/06,,208
234,"GDEROEP","",25/07/06,,330
234,"GDEROEP","",25/07/06,,659
229,"PGERARD","",09/07/04,,651
229,"PGERARD","",09/07/04,,20
229,"PGERARD","",09/07/04,,564
234,"GDEROEP","",25/07/06,,60
234,"GDEROEP","",25/07/06,,96
234,"GDEROEP","",25/07/06,,879
229,"PGERARD","",09/07/04,,93
234,"GDEROEP","",25/07/06,,331
234,"GDEROEP","",25/07/06,,123
229,"PGERARD","",09/07/04,,593
229,"PGERARD","",09/07/04,,327
229,"PGERARD","",09/07/04,,703
229,"PGERARD","",09/07/04,,286
229,"PGERARD","",09/07/04,,282
229,"PGERARD","",09/07/04,,116
234,"GDEROEP","",25/07/06,,566
234,"GDEROEP","",25/07/06,,117
234,"GDEROEP","",25/07/06,,633
234,"GDEROEP","",25/07/06,,941
234,"GDEROEP","",25/07/06,,697
229,"PGERARD","",09/07/04,,590
234,"GDEROEP","",25/07/06,,523
234,"GDEROEP","",25/07/06,,608
234,"GDEROEP","",25/07/06,,931
229,"PGERARD","",09/07/04,,678
234,"GDEROEP","",25/07/06,,332
229,"PGERARD","",09/07/04,,596
234,"GDEROEP","",25/07/06,,468
234,"GDEROEP","",25/07/06,,333
229,"PGERARD","",09/07/04,,526
229,"PGERARD","",09/07/04,,579
463,"GDEROEP","",23/09/11,,282
220,"GDEROEP","",13/02/12,,178
229,"PGERARD","",09/07/04,,598
220,"GDEROEP","",13/02/12,,124
229,"PGERARD","",09/07/04,,235
220,"GDEROEP","",13/02/12,,185
220,"GDEROEP","",13/02/12,,2
220,"GDEROEP","",13/02/12,,123
229,"PGERARD","",09/07/04,,570
229,"PGERARD","",09/07/04,,138
229,"PGERARD","",09/07/04,,236
229,"PGERARD","",09/07/04,,95
229,"PGERARD","",09/07/04,,600
220,"GDEROEP","",13/02/12,,538
229,"PGERARD","",09/07/04,,644
229,"PGERARD","",09/07/04,,601
234,"GDEROEP","",25/07/06,,539
123,"GDEROEP","",26/06/12,,1439
123,"GDEROEP","",26/06/12,,1440
123,"GDEROEP","",26/06/12,,93
123,"GDEROEP","",26/06/12,,38
123,"GDEROEP","",26/06/12,,1441
123,"GDEROEP","",26/06/12,,21
123,"GDEROEP","",26/06/12,,1442
123,"GDEROEP","",26/06/12,,552
123,"GDEROEP","",26/06/12,,70
123,"GDEROEP","",26/06/12,,286
123,"GDEROEP","",26/06/12,,57
123,"GDEROEP","",26/06/12,,39
123,"GDEROEP","",26/06/12,,33
123,"GDEROEP","",26/06/12,,422
123,"GDEROEP","",26/06/12,,148
123,"GDEROEP","",26/06/12,,1443
123,"GDEROEP","",26/06/12,,40
123,"GDEROEP","",26/06/12,,284
123,"GDEROEP","",26/06/12,,282
123,"GDEROEP","",26/06/12,,22
123,"GDEROEP","",26/06/12,,1445
123,"GDEROEP","",26/06/12,,261
123,"GDEROEP","",26/06/12,,1446
123,"GDEROEP","",26/06/12,,42
123,"GDEROEP","",26/06/12,,234
123,"GDEROEP","",26/06/12,,104
123,"GDEROEP","",26/06/12,,106
123,"GDEROEP","",26/06/12,,14
123,"GDEROEP","",26/06/12,,88
123,"GDEROEP","",26/06/12,,1450
123,"GDEROEP","",26/06/12,,107
123,"GDEROEP","",26/06/12,,549
123,"GDEROEP","",26/06/12,,18
123,"GDEROEP","",26/06/12,,108
123,"GDEROEP","",26/06/12,,43
123,"GDEROEP","",26/06/12,,80
220,"GDEROEP","",13/02/12,,127
220,"GDEROEP","",13/02/12,,117
224,"PGERARD","",28/07/08,,556
234,"GDEROEP","",25/07/06,,636
234,"GDEROEP","",25/07/06,,637
234,"GDEROEP","",25/07/06,,616
113,"GDEROEP","",02/03/06,,21
220,"GDEROEP","",13/02/12,,119
220,"GDEROEP","",13/02/12,,540
220,"GDEROEP","",13/02/12,,179
140,"GDEROEP","",12/04/06,,116
234,"GDEROEP","",25/07/06,,689
234,"GDEROEP","",25/07/06,,619
234,"GDEROEP","",25/07/06,,98
234,"GDEROEP","",25/07/06,,78
234,"GDEROEP","",25/07/06,,626
132,"PGERARD","",19/06/08,,211
224,"PGERARD","",28/07/08,,242
224,"PGERARD","",28/07/08,,26
224,"PGERARD","",28/07/08,,93
224,"PGERARD","",28/07/08,,21
224,"PGERARD","",28/07/08,,37
224,"PGERARD","",28/07/08,,70
224,"PGERARD","",28/07/08,,40
224,"PGERARD","",28/07/08,,284
224,"PGERARD","",28/07/08,,30
224,"PGERARD","",28/07/08,,22
224,"PGERARD","",28/07/08,,456
224,"PGERARD","",28/07/08,,106
224,"PGERARD","",28/07/08,,549
224,"PGERARD","",28/07/08,,18
224,"PGERARD","",28/07/08,,43
224,"PGERARD","",28/07/08,,80
224,"PGERARD","",28/07/08,,109
224,"PGERARD","",28/07/08,,138
224,"PGERARD","",28/07/08,,236
224,"PGERARD","",28/07/08,,221
224,"PGERARD","",28/07/08,,101
224,"PGERARD","",28/07/08,,84
224,"PGERARD","",28/07/08,,337
224,"PGERARD","",28/07/08,,124
224,"PGERARD","",28/07/08,,2
224,"PGERARD","",28/07/08,,123
224,"PGERARD","",28/07/08,,71
224,"PGERARD","",28/07/08,,111
224,"PGERARD","",28/07/08,,73
224,"PGERARD","",28/07/08,,65
224,"PGERARD","",28/07/08,,17
224,"PGERARD","",28/07/08,,523
224,"PGERARD","",28/07/08,,13
259,"GDEROEP","",01/08/08,,26
259,"GDEROEP","",01/08/08,,93
259,"GDEROEP","",01/08/08,,21
237,"GDEROEP","",25/07/06,,299
237,"GDEROEP","",25/07/06,,68
241,"GDEROEP","",25/07/06,,169
241,"GDEROEP","",25/07/06,,20
241,"GDEROEP","",25/07/06,,93
241,"GDEROEP","",25/07/06,,38
241,"GDEROEP","",25/07/06,,21
241,"GDEROEP","",25/07/06,,552
241,"GDEROEP","",25/07/06,,40
241,"GDEROEP","",25/07/06,,284
241,"GDEROEP","",25/07/06,,22
241,"GDEROEP","",25/07/06,,456
241,"GDEROEP","",25/07/06,,43
241,"GDEROEP","",25/07/06,,138
241,"GDEROEP","",25/07/06,,15
241,"GDEROEP","",25/07/06,,2
241,"GDEROEP","",25/07/06,,41
241,"GDEROEP","",25/07/06,,71
241,"GDEROEP","",25/07/06,,111
241,"GDEROEP","",25/07/06,,64
241,"GDEROEP","",25/07/06,,47
241,"GDEROEP","",25/07/06,,23
241,"GDEROEP","",25/07/06,,97
224,"PGERARD","",28/07/08,,23
220,"GDEROEP","",13/02/12,,27
224,"PGERARD","",28/07/08,,82
224,"PGERARD","",28/07/08,,49
224,"PGERARD","",28/07/08,,34
224,"PGERARD","",28/07/08,,228
224,"PGERARD","",28/07/08,,16
224,"PGERARD","",28/07/08,,68
224,"PGERARD","",28/07/08,,83
224,"PGERARD","",28/07/08,,24
290,"PGERARD","",28/07/08,,143
220,"GDEROEP","",13/02/12,,158
220,"GDEROEP","",13/02/12,,129
220,"GDEROEP","",13/02/12,,17
293,"PGERARD","",28/07/08,,26
293,"PGERARD","",28/07/08,,20
293,"PGERARD","",28/07/08,,93
293,"PGERARD","",28/07/08,,21
293,"PGERARD","",28/07/08,,94
293,"PGERARD","",28/07/08,,37
293,"PGERARD","",28/07/08,,18
293,"PGERARD","",28/07/08,,109
293,"PGERARD","",28/07/08,,236
293,"PGERARD","",28/07/08,,238
256,"GDEROEP","",25/07/06,,589
256,"GDEROEP","",25/07/06,,654
256,"GDEROEP","",25/07/06,,651
256,"GDEROEP","",25/07/06,,20
256,"GDEROEP","",25/07/06,,564
256,"GDEROEP","",25/07/06,,93
256,"GDEROEP","",25/07/06,,593
256,"GDEROEP","",25/07/06,,327
256,"GDEROEP","",25/07/06,,703
256,"GDEROEP","",25/07/06,,286
256,"GDEROEP","",25/07/06,,282
256,"GDEROEP","",25/07/06,,116
256,"GDEROEP","",25/07/06,,722
256,"GDEROEP","",25/07/06,,590
256,"GDEROEP","",25/07/06,,678
256,"GDEROEP","",25/07/06,,596
256,"GDEROEP","",25/07/06,,526
256,"GDEROEP","",25/07/06,,579
256,"GDEROEP","",25/07/06,,598
256,"GDEROEP","",25/07/06,,570
256,"GDEROEP","",25/07/06,,138
256,"GDEROEP","",25/07/06,,95
293,"PGERARD","",28/07/08,,15
232,"GDEROEP","",25/07/06,,93
232,"GDEROEP","",25/07/06,,327
232,"GDEROEP","",25/07/06,,95
232,"GDEROEP","",25/07/06,,600
232,"GDEROEP","",25/07/06,,96
232,"GDEROEP","",25/07/06,,650
232,"GDEROEP","",25/07/06,,17
232,"GDEROEP","",25/07/06,,609
232,"GDEROEP","",25/07/06,,23
232,"GDEROEP","",25/07/06,,539
232,"GDEROEP","",25/07/06,,133
232,"GDEROEP","",25/07/06,,616
232,"GDEROEP","",25/07/06,,617
232,"GDEROEP","",25/07/06,,619
232,"GDEROEP","",25/07/06,,167
232,"GDEROEP","",25/07/06,,626
293,"PGERARD","",28/07/08,,124
256,"GDEROEP","",25/07/06,,600
256,"GDEROEP","",25/07/06,,644
256,"GDEROEP","",25/07/06,,601
256,"GDEROEP","",25/07/06,,602
256,"GDEROEP","",25/07/06,,208
256,"GDEROEP","",25/07/06,,330
256,"GDEROEP","",25/07/06,,659
256,"GDEROEP","",25/07/06,,124
256,"GDEROEP","",25/07/06,,60
256,"GDEROEP","",25/07/06,,2
256,"GDEROEP","",25/07/06,,96
256,"GDEROEP","",25/07/06,,649
256,"GDEROEP","",25/07/06,,632
256,"GDEROEP","",25/07/06,,71
256,"GDEROEP","",25/07/06,,633
256,"GDEROEP","",25/07/06,,650
256,"GDEROEP","",25/07/06,,17
256,"GDEROEP","",25/07/06,,608
256,"GDEROEP","",25/07/06,,332
256,"GDEROEP","",25/07/06,,625
256,"GDEROEP","",25/07/06,,609
256,"GDEROEP","",25/07/06,,581
256,"GDEROEP","",25/07/06,,610
256,"GDEROEP","",25/07/06,,333
256,"GDEROEP","",25/07/06,,23
256,"GDEROEP","",25/07/06,,539
256,"GDEROEP","",25/07/06,,614
256,"GDEROEP","",25/07/06,,637
256,"GDEROEP","",25/07/06,,616
256,"GDEROEP","",25/07/06,,689
256,"GDEROEP","",25/07/06,,99
256,"GDEROEP","",25/07/06,,167
256,"GDEROEP","",25/07/06,,78
256,"GDEROEP","",25/07/06,,626
293,"PGERARD","",28/07/08,,36
293,"PGERARD","",28/07/08,,2
293,"PGERARD","",28/07/08,,41
293,"PGERARD","",28/07/08,,71
293,"PGERARD","",28/07/08,,27
293,"PGERARD","",28/07/08,,13
293,"PGERARD","",28/07/08,,23
293,"PGERARD","",28/07/08,,97
293,"PGERARD","",28/07/08,,48
293,"PGERARD","",28/07/08,,34
293,"PGERARD","",28/07/08,,228
293,"PGERARD","",28/07/08,,76
293,"PGERARD","",28/07/08,,98
293,"PGERARD","",28/07/08,,28
293,"PGERARD","",28/07/08,,6
293,"PGERARD","",28/07/08,,24
220,"GDEROEP","",13/02/12,,186
220,"GDEROEP","",13/02/12,,181
220,"GDEROEP","",13/02/12,,542
220,"GDEROEP","",13/02/12,,177
220,"GDEROEP","",13/02/12,,337
220,"GDEROEP","",13/02/12,,333
220,"GDEROEP","",13/02/12,,539
220,"GDEROEP","",13/02/12,,82
220,"GDEROEP","",13/02/12,,162
220,"GDEROEP","",13/02/12,,192
220,"GDEROEP","",13/02/12,,189
220,"GDEROEP","",13/02/12,,191
220,"GDEROEP","",13/02/12,,67
220,"GDEROEP","",13/02/12,,308
220,"GDEROEP","",13/02/12,,206
220,"GDEROEP","",13/02/12,,167
220,"GDEROEP","",13/02/12,,140
135,"PGERARD","",28/07/09,,210
214,"GDEROEP","",02/03/06,,169
214,"GDEROEP","",02/03/06,,93
214,"GDEROEP","",02/03/06,,94
239,"GDEROEP","",21/06/05,,93
214,"GDEROEP","",02/03/06,,57
214,"GDEROEP","",02/03/06,,261
214,"GDEROEP","",02/03/06,,526
214,"GDEROEP","",02/03/06,,18
214,"GDEROEP","",02/03/06,,239
214,"GDEROEP","",02/03/06,,337
239,"GDEROEP","",21/06/05,,608
239,"GDEROEP","",21/06/05,,332
239,"GDEROEP","",21/06/05,,689
239,"GDEROEP","",21/06/05,,54
214,"GDEROEP","",02/03/06,,124
214,"GDEROEP","",02/03/06,,60
214,"GDEROEP","",02/03/06,,2
214,"GDEROEP","",02/03/06,,123
214,"GDEROEP","",02/03/06,,494
214,"GDEROEP","",02/03/06,,253
214,"GDEROEP","",02/03/06,,3
214,"GDEROEP","",02/03/06,,64
214,"GDEROEP","",02/03/06,,241
214,"GDEROEP","",02/03/06,,449
214,"GDEROEP","",02/03/06,,17
214,"GDEROEP","",02/03/06,,523
214,"GDEROEP","",02/03/06,,91
214,"GDEROEP","",02/03/06,,16
214,"GDEROEP","",02/03/06,,76
214,"GDEROEP","",02/03/06,,6
214,"GDEROEP","",02/03/06,,12
123,"GDEROEP","",26/06/12,,52
123,"GDEROEP","",26/06/12,,235
123,"GDEROEP","",26/06/12,,109
123,"GDEROEP","",26/06/12,,1451
123,"GDEROEP","",26/06/12,,237
123,"GDEROEP","",26/06/12,,1452
123,"GDEROEP","",26/06/12,,86
123,"GDEROEP","",26/06/12,,138
123,"GDEROEP","",26/06/12,,236
123,"GDEROEP","",26/06/12,,95
123,"GDEROEP","",26/06/12,,221
123,"GDEROEP","",26/06/12,,101
123,"GDEROEP","",26/06/12,,1453
123,"GDEROEP","",26/06/12,,1454
123,"GDEROEP","",26/06/12,,1455
123,"GDEROEP","",26/06/12,,238
123,"GDEROEP","",26/06/12,,15
123,"GDEROEP","",26/06/12,,336
123,"GDEROEP","",26/06/12,,1264
123,"GDEROEP","",26/06/12,,1118
123,"GDEROEP","",26/06/12,,87
123,"GDEROEP","",26/06/12,,1458
123,"GDEROEP","",26/06/12,,35
123,"GDEROEP","",26/06/12,,1459
123,"GDEROEP","",26/06/12,,1461
123,"GDEROEP","",26/06/12,,84
123,"GDEROEP","",26/06/12,,152
123,"GDEROEP","",26/06/12,,44
123,"GDEROEP","",26/06/12,,110
123,"GDEROEP","",26/06/12,,337
123,"GDEROEP","",26/06/12,,124
269,"GDEROEP","",23/05/06,,57
269,"GDEROEP","",23/05/06,,1158
269,"GDEROEP","",23/05/06,,132
269,"GDEROEP","",23/05/06,,2
269,"GDEROEP","",23/05/06,,91
269,"GDEROEP","",23/05/06,,468
269,"GDEROEP","",23/05/06,,23
269,"GDEROEP","",23/05/06,,99
269,"GDEROEP","",23/05/06,,6
258,"GDEROEP","",01/08/08,,26
258,"GDEROEP","",01/08/08,,22
123,"GDEROEP","",26/06/12,,240
123,"GDEROEP","",26/06/12,,32
123,"GDEROEP","",26/06/12,,89
123,"GDEROEP","",26/06/12,,36
123,"GDEROEP","",26/06/12,,340
123,"GDEROEP","",26/06/12,,251
123,"GDEROEP","",26/06/12,,1464
123,"GDEROEP","",26/06/12,,60
123,"GDEROEP","",26/06/12,,2
123,"GDEROEP","",26/06/12,,96
259,"GDEROEP","",01/08/08,,109
259,"GDEROEP","",01/08/08,,15
259,"GDEROEP","",01/08/08,,14
259,"GDEROEP","",01/08/08,,36
259,"GDEROEP","",01/08/08,,102
259,"GDEROEP","",01/08/08,,41
259,"GDEROEP","",01/08/08,,959
259,"GDEROEP","",01/08/08,,13
259,"GDEROEP","",01/08/08,,34
259,"GDEROEP","",01/08/08,,16
259,"GDEROEP","",01/08/08,,6
258,"GDEROEP","",01/08/08,,15
258,"GDEROEP","",01/08/08,,14
258,"GDEROEP","",01/08/08,,36
258,"GDEROEP","",01/08/08,,34
258,"GDEROEP","",01/08/08,,16
258,"GDEROEP","",01/08/08,,6
176,"PGERARD","",28/07/09,,9
175,"PGERARD","",28/07/09,,9
174,"PGERARD","",28/07/09,,9
123,"GDEROEP","",26/06/12,,102
123,"GDEROEP","",26/06/12,,41
123,"GDEROEP","",26/06/12,,1126
123,"GDEROEP","",26/06/12,,123
123,"GDEROEP","",26/06/12,,71
123,"GDEROEP","",26/06/12,,111
123,"GDEROEP","",26/06/12,,112
123,"GDEROEP","",26/06/12,,1466
123,"GDEROEP","",26/06/12,,1467
123,"GDEROEP","",26/06/12,,64
123,"GDEROEP","",26/06/12,,73
123,"GDEROEP","",26/06/12,,46
123,"GDEROEP","",26/06/12,,65
123,"GDEROEP","",26/06/12,,241
123,"GDEROEP","",26/06/12,,1468
123,"GDEROEP","",26/06/12,,344
123,"GDEROEP","",26/06/12,,343
123,"GDEROEP","",26/06/12,,113
123,"GDEROEP","",26/06/12,,1267
123,"GDEROEP","",26/06/12,,27
123,"GDEROEP","",26/06/12,,1469
123,"GDEROEP","",26/06/12,,1036
123,"GDEROEP","",26/06/12,,1201
123,"GDEROEP","",26/06/12,,17
123,"GDEROEP","",26/06/12,,338
123,"GDEROEP","",26/06/12,,91
123,"GDEROEP","",26/06/12,,1245
123,"GDEROEP","",26/06/12,,13
123,"GDEROEP","",26/06/12,,1475
123,"GDEROEP","",26/06/12,,468
123,"GDEROEP","",26/06/12,,25
123,"GDEROEP","",26/06/12,,23
123,"GDEROEP","",26/06/12,,82
123,"GDEROEP","",26/06/12,,1479
123,"GDEROEP","",26/06/12,,31
123,"GDEROEP","",26/06/12,,1483
123,"GDEROEP","",26/06/12,,1493
123,"GDEROEP","",26/06/12,,97
123,"GDEROEP","",26/06/12,,1485
123,"GDEROEP","",26/06/12,,1223
123,"GDEROEP","",26/06/12,,9
123,"GDEROEP","",26/06/12,,34
123,"GDEROEP","",26/06/12,,67
123,"GDEROEP","",26/06/12,,16
123,"GDEROEP","",26/06/12,,54
123,"GDEROEP","",26/06/12,,1100
123,"GDEROEP","",26/06/12,,219
123,"GDEROEP","",26/06/12,,92
123,"GDEROEP","",26/06/12,,68
123,"GDEROEP","",26/06/12,,75
123,"GDEROEP","",26/06/12,,76
123,"GDEROEP","",26/06/12,,83
123,"GDEROEP","",26/06/12,,98
123,"GDEROEP","",26/06/12,,1491
123,"GDEROEP","",26/06/12,,341
123,"GDEROEP","",26/06/12,,28
123,"GDEROEP","",26/06/12,,6
123,"GDEROEP","",26/06/12,,24
123,"GDEROEP","",26/06/12,,1492
123,"GDEROEP","",26/06/12,,229
123,"GDEROEP","",26/06/12,,966
123,"GDEROEP","",26/06/12,,12
123,"GDEROEP","",26/06/12,,1494
130,"PGERARD","",25/06/12,,182
130,"PGERARD","",25/06/12,,312
130,"PGERARD","",25/06/12,,313
130,"PGERARD","",25/06/12,,1495
130,"PGERARD","",25/06/12,,314
130,"PGERARD","",25/06/12,,211
130,"PGERARD","",25/06/12,,1496
130,"PGERARD","",25/06/12,,290
130,"PGERARD","",25/06/12,,1497
130,"PGERARD","",25/06/12,,20
130,"PGERARD","",25/06/12,,1372
130,"PGERARD","",25/06/12,,315
130,"PGERARD","",25/06/12,,1498
130,"PGERARD","",25/06/12,,409
130,"PGERARD","",25/06/12,,316
130,"PGERARD","",25/06/12,,93
130,"PGERARD","",25/06/12,,327
130,"PGERARD","",25/06/12,,21
130,"PGERARD","",25/06/12,,291
130,"PGERARD","",25/06/12,,703
130,"PGERARD","",25/06/12,,1371
130,"PGERARD","",25/06/12,,1499
130,"PGERARD","",25/06/12,,282
130,"PGERARD","",25/06/12,,30
130,"PGERARD","",25/06/12,,116
130,"PGERARD","",25/06/12,,335
130,"PGERARD","",25/06/12,,301
130,"PGERARD","",25/06/12,,678
130,"PGERARD","",25/06/12,,318
130,"PGERARD","",25/06/12,,1500
130,"PGERARD","",25/06/12,,1501
130,"PGERARD","",25/06/12,,293
130,"PGERARD","",25/06/12,,292
130,"PGERARD","",25/06/12,,329
130,"PGERARD","",25/06/12,,184
130,"PGERARD","",25/06/12,,1502
130,"PGERARD","",25/06/12,,1503
130,"PGERARD","",25/06/12,,143
130,"PGERARD","",25/06/12,,541
130,"PGERARD","",25/06/12,,1505
130,"PGERARD","",25/06/12,,1504
130,"PGERARD","",25/06/12,,180
130,"PGERARD","",25/06/12,,1269
130,"PGERARD","",25/06/12,,18
130,"PGERARD","",25/06/12,,168
130,"PGERARD","",25/06/12,,1506
130,"PGERARD","",25/06/12,,1507
130,"PGERARD","",25/06/12,,1508
130,"PGERARD","",25/06/12,,287
130,"PGERARD","",25/06/12,,296
130,"PGERARD","",25/06/12,,601
130,"PGERARD","",25/06/12,,925
130,"PGERARD","",25/06/12,,297
130,"PGERARD","",25/06/12,,1509
130,"PGERARD","",25/06/12,,298
130,"PGERARD","",25/06/12,,299
130,"PGERARD","",25/06/12,,319
130,"PGERARD","",25/06/12,,1510
130,"PGERARD","",25/06/12,,1511
130,"PGERARD","",25/06/12,,295
130,"PGERARD","",25/06/12,,336
130,"PGERARD","",25/06/12,,1512
130,"PGERARD","",25/06/12,,1513
130,"PGERARD","",25/06/12,,320
130,"PGERARD","",25/06/12,,1514
130,"PGERARD","",25/06/12,,1515
130,"PGERARD","",25/06/12,,300
130,"PGERARD","",25/06/12,,1516
130,"PGERARD","",25/06/12,,321
130,"PGERARD","",25/06/12,,1224
130,"PGERARD","",25/06/12,,208
130,"PGERARD","",25/06/12,,330
130,"PGERARD","",25/06/12,,317
130,"PGERARD","",25/06/12,,178
130,"PGERARD","",25/06/12,,124
130,"PGERARD","",25/06/12,,2
130,"PGERARD","",25/06/12,,302
130,"PGERARD","",25/06/12,,331
130,"PGERARD","",25/06/12,,322
130,"PGERARD","",25/06/12,,303
130,"PGERARD","",25/06/12,,304
130,"PGERARD","",25/06/12,,193
130,"PGERARD","",25/06/12,,288
130,"PGERARD","",25/06/12,,119
130,"PGERARD","",25/06/12,,253
130,"PGERARD","",25/06/12,,1517
130,"PGERARD","",25/06/12,,323
130,"PGERARD","",25/06/12,,1518
130,"PGERARD","",25/06/12,,326
130,"PGERARD","",25/06/12,,17
130,"PGERARD","",25/06/12,,210
130,"PGERARD","",25/06/12,,305
130,"PGERARD","",25/06/12,,608
130,"PGERARD","",25/06/12,,931
130,"PGERARD","",25/06/12,,332
130,"PGERARD","",25/06/12,,324
130,"PGERARD","",25/06/12,,333
130,"PGERARD","",25/06/12,,539
130,"PGERARD","",25/06/12,,334
130,"PGERARD","",25/06/12,,689
130,"PGERARD","",25/06/12,,10
130,"PGERARD","",25/06/12,,306
130,"PGERARD","",25/06/12,,1033
130,"PGERARD","",25/06/12,,307
130,"PGERARD","",25/06/12,,1520
130,"PGERARD","",25/06/12,,1521
130,"PGERARD","",25/06/12,,9
130,"PGERARD","",25/06/12,,1522
130,"PGERARD","",25/06/12,,308
130,"PGERARD","",25/06/12,,309
130,"PGERARD","",25/06/12,,1523
130,"PGERARD","",25/06/12,,1524
130,"PGERARD","",25/06/12,,310
130,"PGERARD","",25/06/12,,1144
130,"PGERARD","",25/06/12,,1525
130,"PGERARD","",25/06/12,,289
130,"PGERARD","",25/06/12,,325
130,"PGERARD","",25/06/12,,1526
130,"PGERARD","",25/06/12,,311
130,"PGERARD","",25/06/12,,140
130,"PGERARD","",25/06/12,,12
130,"PGERARD","",25/06/12,,1527
414,"GDEROEP","",06/02/08,,242
414,"GDEROEP","",06/02/08,,169
414,"GDEROEP","",06/02/08,,234
414,"GDEROEP","",06/02/08,,18
414,"GDEROEP","",06/02/08,,124
414,"GDEROEP","",06/02/08,,36
414,"GDEROEP","",06/02/08,,239
414,"GDEROEP","",06/02/08,,251
414,"GDEROEP","",06/02/08,,60
414,"GDEROEP","",06/02/08,,2
414,"GDEROEP","",06/02/08,,96
414,"GDEROEP","",06/02/08,,494
414,"GDEROEP","",06/02/08,,64
414,"GDEROEP","",06/02/08,,241
414,"GDEROEP","",06/02/08,,449
414,"GDEROEP","",06/02/08,,17
414,"GDEROEP","",06/02/08,,337
414,"GDEROEP","",06/02/08,,9
414,"GDEROEP","",06/02/08,,28
414,"GDEROEP","",06/02/08,,6
289,"GDEROEP","",17/06/05,,6
