"PRJ_ID","PRJ_CTR_USERCREATION","PRJ_CTR_USERUPDATE","PRJ_CTR_DATECREATION","PRJ_CTR_DATEUPDATE","CTR_ID"
436,"PGERARD","",21/01/09,,44
235,"PGERARD","",21/01/09,,54
405,"PGERARD","",27/07/09,,81
405,"PGERARD","",27/07/09,,14
405,"PGERARD","",27/07/09,,21
405,"PGERARD","",27/07/09,,84
405,"PGERARD","",27/07/09,,105
405,"PGERARD","",27/07/09,,160
405,"PGERARD","",27/07/09,,150
405,"PGERARD","",27/07/09,,222
405,"PGERARD","",27/07/09,,203
431,"PGERARD","",27/07/09,,21
431,"PGERARD","",27/07/09,,195
431,"PGERARD","",27/07/09,,105
431,"PGERARD","",27/07/09,,171
449,"PGERARD","",28/07/09,,14
449,"PGERARD","",28/07/09,,21
449,"PGERARD","",28/07/09,,33
449,"PGERARD","",28/07/09,,57
449,"PGERARD","",28/07/09,,195
412,"PGERARD","",27/07/09,,81
412,"PGERARD","",27/07/09,,14
412,"PGERARD","",27/07/09,,21
412,"PGERARD","",27/07/09,,33
412,"PGERARD","",27/07/09,,55
412,"PGERARD","",27/07/09,,57
412,"PGERARD","",27/07/09,,195
412,"PGERARD","",27/07/09,,67
412,"PGERARD","",27/07/09,,72
412,"PGERARD","",27/07/09,,73
412,"PGERARD","",27/07/09,,84
412,"PGERARD","",27/07/09,,97
412,"PGERARD","",27/07/09,,103
412,"PGERARD","",27/07/09,,98
412,"PGERARD","",27/07/09,,104
412,"PGERARD","",27/07/09,,105
412,"PGERARD","",27/07/09,,117
412,"PGERARD","",27/07/09,,123
412,"PGERARD","",27/07/09,,132
412,"PGERARD","",27/07/09,,160
412,"PGERARD","",27/07/09,,150
412,"PGERARD","",27/07/09,,170
412,"PGERARD","",27/07/09,,171
412,"PGERARD","",27/07/09,,56
412,"PGERARD","",27/07/09,,175
412,"PGERARD","",27/07/09,,222
412,"PGERARD","",27/07/09,,189
412,"PGERARD","",27/07/09,,190
412,"PGERARD","",27/07/09,,203
412,"PGERARD","",27/07/09,,204
412,"PGERARD","",27/07/09,,215
449,"PGERARD","",28/07/09,,67
449,"PGERARD","",28/07/09,,72
449,"PGERARD","",28/07/09,,73
170,"PGERARD","",29/07/09,,220
173,"PGERARD","",29/07/09,,176
168,"PGERARD","",29/07/09,,220
166,"PGERARD","",11/01/12,,170
178,"PGERARD","",11/01/12,,3
437,"PGERARD","",11/01/12,,170
169,"PGERARD","",11/01/12,,220
171,"PGERARD","",11/01/12,,44
449,"PGERARD","",28/07/09,,81
449,"PGERARD","",28/07/09,,84
449,"PGERARD","",28/07/09,,97
449,"PGERARD","",28/07/09,,103
449,"PGERARD","",28/07/09,,105
449,"PGERARD","",28/07/09,,117
449,"PGERARD","",28/07/09,,123
449,"PGERARD","",28/07/09,,124
449,"PGERARD","",28/07/09,,132
449,"PGERARD","",28/07/09,,150
449,"PGERARD","",28/07/09,,170
449,"PGERARD","",28/07/09,,171
449,"PGERARD","",28/07/09,,56
449,"PGERARD","",28/07/09,,175
449,"PGERARD","",28/07/09,,222
449,"PGERARD","",28/07/09,,189
449,"PGERARD","",28/07/09,,190
449,"PGERARD","",28/07/09,,203
167,"PGERARD","",29/07/09,,220
162,"PGERARD","",12/01/12,,223
470,"PGERARD","",12/01/12,,223
230,"PGERARD","",13/07/04,,64
230,"PGERARD","",13/07/04,,138
230,"PGERARD","",13/07/04,,154
230,"PGERARD","",13/07/04,,164
230,"PGERARD","",13/07/04,,166
230,"PGERARD","",13/07/04,,150
230,"PGERARD","",13/07/04,,167
230,"PGERARD","",13/07/04,,171
230,"PGERARD","",13/07/04,,222
230,"PGERARD","",13/07/04,,203
230,"PGERARD","",13/07/04,,225
230,"PGERARD","",13/07/04,,229
465,"PGERARD","",11/01/12,,170
165,"PGERARD","",11/01/12,,170
163,"PGERARD","",11/01/12,,170
468,"PGERARD","",11/01/12,,38
229,"PGERARD","",09/07/04,,43
469,"PGERARD","",11/01/12,,38
229,"PGERARD","",09/07/04,,47
229,"PGERARD","",09/07/04,,51
464,"PGERARD","",12/01/12,,44
473,"PGERARD","",13/02/12,,73
229,"PGERARD","",09/07/04,,54
229,"PGERARD","",09/07/04,,62
229,"PGERARD","",09/07/04,,195
229,"PGERARD","",09/07/04,,72
229,"PGERARD","",09/07/04,,73
229,"PGERARD","",09/07/04,,84
229,"PGERARD","",09/07/04,,89
229,"PGERARD","",09/07/04,,95
229,"PGERARD","",09/07/04,,105
229,"PGERARD","",09/07/04,,64
229,"PGERARD","",09/07/04,,138
229,"PGERARD","",09/07/04,,154
229,"PGERARD","",09/07/04,,164
229,"PGERARD","",09/07/04,,166
229,"PGERARD","",09/07/04,,150
229,"PGERARD","",09/07/04,,167
229,"PGERARD","",09/07/04,,171
229,"PGERARD","",09/07/04,,222
313,"PGERARD","",06/09/06,,105
226,"GDEROEP","",16/02/06,,14
277,"GDEROEP","",21/02/06,,2
226,"GDEROEP","",16/02/06,,21
186,"PGERARD","",29/07/08,,140
186,"PGERARD","",29/07/08,,387
186,"PGERARD","",29/07/08,,160
186,"PGERARD","",29/07/08,,150
186,"PGERARD","",29/07/08,,170
186,"PGERARD","",29/07/08,,171
186,"PGERARD","",29/07/08,,56
186,"PGERARD","",29/07/08,,175
186,"PGERARD","",29/07/08,,222
186,"PGERARD","",29/07/08,,176
186,"PGERARD","",29/07/08,,182
186,"PGERARD","",29/07/08,,189
186,"PGERARD","",29/07/08,,190
186,"PGERARD","",29/07/08,,203
186,"PGERARD","",29/07/08,,204
186,"PGERARD","",29/07/08,,215
186,"PGERARD","",29/07/08,,220
192,"PGERARD","",29/07/08,,2
192,"PGERARD","",29/07/08,,81
192,"PGERARD","",29/07/08,,5
192,"PGERARD","",29/07/08,,11
192,"PGERARD","",29/07/08,,14
192,"PGERARD","",29/07/08,,15
192,"PGERARD","",29/07/08,,21
192,"PGERARD","",29/07/08,,33
192,"PGERARD","",29/07/08,,55
192,"PGERARD","",29/07/08,,53
186,"PGERARD","",29/07/08,,2
186,"PGERARD","",29/07/08,,81
186,"PGERARD","",29/07/08,,5
186,"PGERARD","",29/07/08,,11
186,"PGERARD","",29/07/08,,14
186,"PGERARD","",29/07/08,,15
186,"PGERARD","",29/07/08,,21
186,"PGERARD","",29/07/08,,33
186,"PGERARD","",29/07/08,,55
186,"PGERARD","",29/07/08,,53
192,"PGERARD","",29/07/08,,57
192,"PGERARD","",29/07/08,,195
192,"PGERARD","",29/07/08,,67
192,"PGERARD","",29/07/08,,72
192,"PGERARD","",29/07/08,,73
192,"PGERARD","",29/07/08,,80
192,"PGERARD","",29/07/08,,84
192,"PGERARD","",29/07/08,,97
192,"PGERARD","",29/07/08,,103
226,"GDEROEP","",16/02/06,,55
226,"GDEROEP","",16/02/06,,56
226,"GDEROEP","",16/02/06,,57
226,"GDEROEP","",16/02/06,,67
226,"GDEROEP","",16/02/06,,72
226,"GDEROEP","",16/02/06,,73
226,"GDEROEP","",16/02/06,,81
226,"GDEROEP","",16/02/06,,84
226,"GDEROEP","",16/02/06,,97
226,"GDEROEP","",16/02/06,,98
226,"GDEROEP","",16/02/06,,103
226,"GDEROEP","",16/02/06,,105
226,"GDEROEP","",16/02/06,,117
226,"GDEROEP","",16/02/06,,122
226,"GDEROEP","",16/02/06,,123
226,"GDEROEP","",16/02/06,,124
226,"GDEROEP","",16/02/06,,132
226,"GDEROEP","",16/02/06,,150
226,"GDEROEP","",16/02/06,,160
226,"GDEROEP","",16/02/06,,170
226,"GDEROEP","",16/02/06,,171
226,"GDEROEP","",16/02/06,,189
226,"GDEROEP","",16/02/06,,190
226,"GDEROEP","",16/02/06,,195
226,"GDEROEP","",16/02/06,,203
226,"GDEROEP","",16/02/06,,204
192,"PGERARD","",29/07/08,,98
192,"PGERARD","",29/07/08,,105
192,"PGERARD","",29/07/08,,117
192,"PGERARD","",29/07/08,,122
192,"PGERARD","",29/07/08,,123
192,"PGERARD","",29/07/08,,124
192,"PGERARD","",29/07/08,,126
192,"PGERARD","",29/07/08,,132
226,"GDEROEP","",16/02/06,,222
192,"PGERARD","",29/07/08,,140
277,"GDEROEP","",21/02/06,,3
277,"GDEROEP","",21/02/06,,5
277,"GDEROEP","",21/02/06,,6
277,"GDEROEP","",21/02/06,,10
277,"GDEROEP","",21/02/06,,11
277,"GDEROEP","",21/02/06,,13
277,"GDEROEP","",21/02/06,,14
186,"PGERARD","",29/07/08,,57
186,"PGERARD","",29/07/08,,195
186,"PGERARD","",29/07/08,,67
186,"PGERARD","",29/07/08,,72
186,"PGERARD","",29/07/08,,73
186,"PGERARD","",29/07/08,,80
186,"PGERARD","",29/07/08,,97
186,"PGERARD","",29/07/08,,103
186,"PGERARD","",29/07/08,,98
186,"PGERARD","",29/07/08,,105
186,"PGERARD","",29/07/08,,117
277,"GDEROEP","",21/02/06,,15
277,"GDEROEP","",21/02/06,,18
277,"GDEROEP","",21/02/06,,20
277,"GDEROEP","",21/02/06,,21
277,"GDEROEP","",21/02/06,,23
277,"GDEROEP","",21/02/06,,26
277,"GDEROEP","",21/02/06,,30
277,"GDEROEP","",21/02/06,,33
277,"GDEROEP","",21/02/06,,34
277,"GDEROEP","",21/02/06,,36
277,"GDEROEP","",21/02/06,,37
277,"GDEROEP","",21/02/06,,38
277,"GDEROEP","",21/02/06,,43
277,"GDEROEP","",21/02/06,,44
277,"GDEROEP","",21/02/06,,47
277,"GDEROEP","",21/02/06,,49
277,"GDEROEP","",21/02/06,,51
277,"GDEROEP","",21/02/06,,53
277,"GDEROEP","",21/02/06,,54
277,"GDEROEP","",21/02/06,,55
277,"GDEROEP","",21/02/06,,56
277,"GDEROEP","",21/02/06,,57
277,"GDEROEP","",21/02/06,,60
277,"GDEROEP","",21/02/06,,62
277,"GDEROEP","",21/02/06,,63
277,"GDEROEP","",21/02/06,,64
277,"GDEROEP","",21/02/06,,67
277,"GDEROEP","",21/02/06,,68
277,"GDEROEP","",21/02/06,,72
277,"GDEROEP","",21/02/06,,73
186,"PGERARD","",29/07/08,,122
186,"PGERARD","",29/07/08,,123
186,"PGERARD","",29/07/08,,124
186,"PGERARD","",29/07/08,,126
186,"PGERARD","",29/07/08,,132
277,"GDEROEP","",21/02/06,,78
277,"GDEROEP","",21/02/06,,80
277,"GDEROEP","",21/02/06,,81
277,"GDEROEP","",21/02/06,,82
277,"GDEROEP","",21/02/06,,84
277,"GDEROEP","",21/02/06,,89
277,"GDEROEP","",21/02/06,,90
277,"GDEROEP","",21/02/06,,93
277,"GDEROEP","",21/02/06,,95
277,"GDEROEP","",21/02/06,,97
277,"GDEROEP","",21/02/06,,98
277,"GDEROEP","",21/02/06,,99
277,"GDEROEP","",21/02/06,,100
277,"GDEROEP","",21/02/06,,101
277,"GDEROEP","",21/02/06,,103
277,"GDEROEP","",21/02/06,,104
277,"GDEROEP","",21/02/06,,105
277,"GDEROEP","",21/02/06,,52
277,"GDEROEP","",21/02/06,,106
277,"GDEROEP","",21/02/06,,107
277,"GDEROEP","",21/02/06,,108
277,"GDEROEP","",21/02/06,,109
277,"GDEROEP","",21/02/06,,110
277,"GDEROEP","",21/02/06,,113
277,"GDEROEP","",21/02/06,,112
277,"GDEROEP","",21/02/06,,117
277,"GDEROEP","",21/02/06,,118
277,"GDEROEP","",21/02/06,,123
277,"GDEROEP","",21/02/06,,124
277,"GDEROEP","",21/02/06,,126
277,"GDEROEP","",21/02/06,,127
277,"GDEROEP","",21/02/06,,128
277,"GDEROEP","",21/02/06,,131
277,"GDEROEP","",21/02/06,,132
277,"GDEROEP","",21/02/06,,135
277,"GDEROEP","",21/02/06,,138
277,"GDEROEP","",21/02/06,,144
277,"GDEROEP","",21/02/06,,147
277,"GDEROEP","",21/02/06,,149
277,"GDEROEP","",21/02/06,,150
277,"GDEROEP","",21/02/06,,153
277,"GDEROEP","",21/02/06,,154
277,"GDEROEP","",21/02/06,,156
277,"GDEROEP","",21/02/06,,160
277,"GDEROEP","",21/02/06,,162
277,"GDEROEP","",21/02/06,,164
277,"GDEROEP","",21/02/06,,166
277,"GDEROEP","",21/02/06,,167
277,"GDEROEP","",21/02/06,,168
277,"GDEROEP","",21/02/06,,170
277,"GDEROEP","",21/02/06,,171
277,"GDEROEP","",21/02/06,,175
277,"GDEROEP","",21/02/06,,176
277,"GDEROEP","",21/02/06,,184
277,"GDEROEP","",21/02/06,,185
277,"GDEROEP","",21/02/06,,189
277,"GDEROEP","",21/02/06,,190
277,"GDEROEP","",21/02/06,,193
277,"GDEROEP","",21/02/06,,195
277,"GDEROEP","",21/02/06,,196
277,"GDEROEP","",21/02/06,,202
277,"GDEROEP","",21/02/06,,203
277,"GDEROEP","",21/02/06,,204
277,"GDEROEP","",21/02/06,,208
277,"GDEROEP","",21/02/06,,209
277,"GDEROEP","",21/02/06,,214
277,"GDEROEP","",21/02/06,,215
277,"GDEROEP","",21/02/06,,219
277,"GDEROEP","",21/02/06,,220
277,"GDEROEP","",21/02/06,,222
277,"GDEROEP","",21/02/06,,223
277,"GDEROEP","",21/02/06,,225
277,"GDEROEP","",21/02/06,,229
277,"GDEROEP","",21/02/06,,238
277,"GDEROEP","",21/02/06,,239
148,"GDEROEP","",21/02/06,,49
115,"RELEX","",12/05/04,,193
115,"RELEX","",12/05/04,,81
164,"PGERARD","",25/05/04,,170
184,"PGERARD","",02/06/04,,189
192,"PGERARD","",29/07/08,,160
208,"GDEROEP","",22/02/06,,2
208,"GDEROEP","",22/02/06,,81
204,"GDEROEP","",16/02/06,,21
213,"GDEROEP","",16/02/06,,21
204,"GDEROEP","",16/02/06,,73
208,"GDEROEP","",22/02/06,,5
192,"PGERARD","",29/07/08,,150
208,"GDEROEP","",22/02/06,,11
192,"PGERARD","",29/07/08,,170
208,"GDEROEP","",22/02/06,,15
208,"GDEROEP","",22/02/06,,21
208,"GDEROEP","",22/02/06,,33
208,"GDEROEP","",22/02/06,,55
208,"GDEROEP","",22/02/06,,53
208,"GDEROEP","",22/02/06,,57
208,"GDEROEP","",22/02/06,,67
208,"GDEROEP","",22/02/06,,72
208,"GDEROEP","",22/02/06,,73
208,"GDEROEP","",22/02/06,,80
208,"GDEROEP","",22/02/06,,97
208,"GDEROEP","",22/02/06,,103
208,"GDEROEP","",22/02/06,,98
208,"GDEROEP","",22/02/06,,105
208,"GDEROEP","",22/02/06,,117
208,"GDEROEP","",22/02/06,,122
208,"GDEROEP","",22/02/06,,123
208,"GDEROEP","",22/02/06,,124
208,"GDEROEP","",22/02/06,,126
208,"GDEROEP","",22/02/06,,132
208,"GDEROEP","",22/02/06,,140
208,"GDEROEP","",22/02/06,,160
208,"GDEROEP","",22/02/06,,150
208,"GDEROEP","",22/02/06,,170
208,"GDEROEP","",22/02/06,,171
208,"GDEROEP","",22/02/06,,56
208,"GDEROEP","",22/02/06,,175
208,"GDEROEP","",22/02/06,,222
208,"GDEROEP","",22/02/06,,176
208,"GDEROEP","",22/02/06,,182
208,"GDEROEP","",22/02/06,,189
208,"GDEROEP","",22/02/06,,190
208,"GDEROEP","",22/02/06,,203
208,"GDEROEP","",22/02/06,,204
208,"GDEROEP","",22/02/06,,215
208,"GDEROEP","",22/02/06,,220
129,"PGERARD","",29/07/08,,13
129,"PGERARD","",29/07/08,,14
129,"PGERARD","",29/07/08,,21
129,"PGERARD","",29/07/08,,38
129,"PGERARD","",29/07/08,,113
129,"PGERARD","",29/07/08,,57
129,"PGERARD","",29/07/08,,195
129,"PGERARD","",29/07/08,,223
129,"PGERARD","",29/07/08,,72
129,"PGERARD","",29/07/08,,73
129,"PGERARD","",29/07/08,,84
129,"PGERARD","",29/07/08,,97
129,"PGERARD","",29/07/08,,103
129,"PGERARD","",29/07/08,,98
129,"PGERARD","",29/07/08,,105
129,"PGERARD","",29/07/08,,107
129,"PGERARD","",29/07/08,,124
129,"PGERARD","",29/07/08,,138
129,"PGERARD","",29/07/08,,160
129,"PGERARD","",29/07/08,,153
129,"PGERARD","",29/07/08,,150
129,"PGERARD","",29/07/08,,170
129,"PGERARD","",29/07/08,,171
129,"PGERARD","",29/07/08,,56
129,"PGERARD","",29/07/08,,222
129,"PGERARD","",29/07/08,,189
129,"PGERARD","",29/07/08,,203
129,"PGERARD","",29/07/08,,204
129,"PGERARD","",29/07/08,,215
192,"PGERARD","",29/07/08,,171
225,"GDEROEP","",12/04/06,,3
225,"GDEROEP","",12/04/06,,5
225,"GDEROEP","",12/04/06,,10
225,"GDEROEP","",12/04/06,,13
225,"GDEROEP","",12/04/06,,18
225,"GDEROEP","",12/04/06,,21
225,"GDEROEP","",12/04/06,,23
225,"GDEROEP","",12/04/06,,25
225,"GDEROEP","",12/04/06,,26
225,"GDEROEP","",12/04/06,,30
225,"GDEROEP","",12/04/06,,33
225,"GDEROEP","",12/04/06,,34
225,"GDEROEP","",12/04/06,,36
225,"GDEROEP","",12/04/06,,38
225,"GDEROEP","",12/04/06,,43
225,"GDEROEP","",12/04/06,,44
225,"GDEROEP","",12/04/06,,47
225,"GDEROEP","",12/04/06,,49
225,"GDEROEP","",12/04/06,,51
225,"GDEROEP","",12/04/06,,54
225,"GDEROEP","",12/04/06,,57
225,"GDEROEP","",12/04/06,,81
225,"GDEROEP","",12/04/06,,62
225,"GDEROEP","",12/04/06,,63
225,"GDEROEP","",12/04/06,,67
225,"GDEROEP","",12/04/06,,168
225,"GDEROEP","",12/04/06,,72
225,"GDEROEP","",12/04/06,,73
225,"GDEROEP","",12/04/06,,78
225,"GDEROEP","",12/04/06,,82
225,"GDEROEP","",12/04/06,,84
225,"GDEROEP","",12/04/06,,89
225,"GDEROEP","",12/04/06,,90
225,"GDEROEP","",12/04/06,,95
225,"GDEROEP","",12/04/06,,97
225,"GDEROEP","",12/04/06,,103
201,"GDEROEP","",22/02/06,,2
201,"GDEROEP","",22/02/06,,81
201,"GDEROEP","",22/02/06,,5
133,"GDEROEP","",06/04/06,,208
204,"GDEROEP","",16/02/06,,81
204,"GDEROEP","",16/02/06,,103
225,"GDEROEP","",12/04/06,,99
225,"GDEROEP","",12/04/06,,100
225,"GDEROEP","",12/04/06,,101
225,"GDEROEP","",12/04/06,,104
225,"GDEROEP","",12/04/06,,105
213,"GDEROEP","",16/02/06,,33
213,"GDEROEP","",16/02/06,,55
213,"GDEROEP","",16/02/06,,56
213,"GDEROEP","",16/02/06,,57
213,"GDEROEP","",16/02/06,,67
213,"GDEROEP","",16/02/06,,72
213,"GDEROEP","",16/02/06,,73
225,"GDEROEP","",12/04/06,,52
225,"GDEROEP","",12/04/06,,107
225,"GDEROEP","",12/04/06,,235
225,"GDEROEP","",12/04/06,,39
192,"PGERARD","",29/07/08,,56
192,"PGERARD","",29/07/08,,175
192,"PGERARD","",29/07/08,,222
192,"PGERARD","",29/07/08,,176
192,"PGERARD","",29/07/08,,182
192,"PGERARD","",29/07/08,,189
192,"PGERARD","",29/07/08,,190
192,"PGERARD","",29/07/08,,203
192,"PGERARD","",29/07/08,,204
192,"PGERARD","",29/07/08,,215
192,"PGERARD","",29/07/08,,220
129,"PGERARD","",29/07/08,,81
230,"PGERARD","",13/07/04,,103
230,"PGERARD","",13/07/04,,105
204,"GDEROEP","",16/02/06,,124
204,"GDEROEP","",16/02/06,,150
204,"GDEROEP","",16/02/06,,204
204,"GDEROEP","",16/02/06,,222
213,"GDEROEP","",16/02/06,,14
213,"GDEROEP","",16/02/06,,81
213,"GDEROEP","",16/02/06,,84
213,"GDEROEP","",16/02/06,,97
213,"GDEROEP","",16/02/06,,103
213,"GDEROEP","",16/02/06,,105
213,"GDEROEP","",16/02/06,,117
213,"GDEROEP","",16/02/06,,123
213,"GDEROEP","",16/02/06,,124
213,"GDEROEP","",16/02/06,,132
213,"GDEROEP","",16/02/06,,150
213,"GDEROEP","",16/02/06,,160
213,"GDEROEP","",16/02/06,,170
213,"GDEROEP","",16/02/06,,171
213,"GDEROEP","",16/02/06,,175
213,"GDEROEP","",16/02/06,,189
213,"GDEROEP","",16/02/06,,190
213,"GDEROEP","",16/02/06,,195
213,"GDEROEP","",16/02/06,,203
213,"GDEROEP","",16/02/06,,215
213,"GDEROEP","",16/02/06,,222
202,"GDEROEP","",22/02/06,,2
202,"GDEROEP","",22/02/06,,81
202,"GDEROEP","",22/02/06,,5
202,"GDEROEP","",22/02/06,,11
202,"GDEROEP","",22/02/06,,14
202,"GDEROEP","",22/02/06,,15
202,"GDEROEP","",22/02/06,,21
202,"GDEROEP","",22/02/06,,33
202,"GDEROEP","",22/02/06,,55
202,"GDEROEP","",22/02/06,,53
202,"GDEROEP","",22/02/06,,57
202,"GDEROEP","",22/02/06,,195
202,"GDEROEP","",22/02/06,,67
202,"GDEROEP","",22/02/06,,72
202,"GDEROEP","",22/02/06,,73
202,"GDEROEP","",22/02/06,,80
202,"GDEROEP","",22/02/06,,84
202,"GDEROEP","",22/02/06,,97
202,"GDEROEP","",22/02/06,,103
202,"GDEROEP","",22/02/06,,98
202,"GDEROEP","",22/02/06,,105
202,"GDEROEP","",22/02/06,,117
202,"GDEROEP","",22/02/06,,122
202,"GDEROEP","",22/02/06,,123
202,"GDEROEP","",22/02/06,,124
202,"GDEROEP","",22/02/06,,126
202,"GDEROEP","",22/02/06,,132
202,"GDEROEP","",22/02/06,,140
202,"GDEROEP","",22/02/06,,160
202,"GDEROEP","",22/02/06,,170
202,"GDEROEP","",22/02/06,,171
202,"GDEROEP","",22/02/06,,56
202,"GDEROEP","",22/02/06,,222
202,"GDEROEP","",22/02/06,,176
202,"GDEROEP","",22/02/06,,182
202,"GDEROEP","",22/02/06,,189
202,"GDEROEP","",22/02/06,,190
202,"GDEROEP","",22/02/06,,203
202,"GDEROEP","",22/02/06,,204
202,"GDEROEP","",22/02/06,,215
202,"GDEROEP","",22/02/06,,220
219,"GDEROEP","",12/04/06,,2
255,"GDEROEP","",23/08/06,,2
255,"GDEROEP","",23/08/06,,5
255,"GDEROEP","",23/08/06,,21
255,"GDEROEP","",23/08/06,,33
255,"GDEROEP","",23/08/06,,55
255,"GDEROEP","",23/08/06,,57
255,"GDEROEP","",23/08/06,,81
255,"GDEROEP","",23/08/06,,67
255,"GDEROEP","",23/08/06,,72
255,"GDEROEP","",23/08/06,,73
255,"GDEROEP","",23/08/06,,84
255,"GDEROEP","",23/08/06,,97
255,"GDEROEP","",23/08/06,,103
255,"GDEROEP","",23/08/06,,98
255,"GDEROEP","",23/08/06,,117
255,"GDEROEP","",23/08/06,,122
255,"GDEROEP","",23/08/06,,123
255,"GDEROEP","",23/08/06,,124
255,"GDEROEP","",23/08/06,,126
255,"GDEROEP","",23/08/06,,132
255,"GDEROEP","",23/08/06,,140
255,"GDEROEP","",23/08/06,,150
255,"GDEROEP","",23/08/06,,160
255,"GDEROEP","",23/08/06,,220
255,"GDEROEP","",23/08/06,,14
255,"GDEROEP","",23/08/06,,170
255,"GDEROEP","",23/08/06,,171
255,"GDEROEP","",23/08/06,,175
255,"GDEROEP","",23/08/06,,176
255,"GDEROEP","",23/08/06,,182
255,"GDEROEP","",23/08/06,,189
255,"GDEROEP","",23/08/06,,195
267,"PGERARD","",03/09/04,,176
255,"GDEROEP","",23/08/06,,56
255,"GDEROEP","",23/08/06,,215
255,"GDEROEP","",23/08/06,,222
255,"GDEROEP","",23/08/06,,203
255,"GDEROEP","",23/08/06,,204
161,"PGERARD","",08/10/07,,33
219,"GDEROEP","",12/04/06,,3
219,"GDEROEP","",12/04/06,,10
219,"GDEROEP","",12/04/06,,13
230,"PGERARD","",13/07/04,,10
230,"PGERARD","",13/07/04,,26
230,"PGERARD","",13/07/04,,30
230,"PGERARD","",13/07/04,,43
230,"PGERARD","",13/07/04,,47
230,"PGERARD","",13/07/04,,51
230,"PGERARD","",13/07/04,,54
230,"PGERARD","",13/07/04,,62
230,"PGERARD","",13/07/04,,195
230,"PGERARD","",13/07/04,,72
230,"PGERARD","",13/07/04,,73
230,"PGERARD","",13/07/04,,84
230,"PGERARD","",13/07/04,,89
230,"PGERARD","",13/07/04,,95
219,"GDEROEP","",12/04/06,,17
219,"GDEROEP","",12/04/06,,21
219,"GDEROEP","",12/04/06,,23
219,"GDEROEP","",12/04/06,,26
219,"GDEROEP","",12/04/06,,27
219,"GDEROEP","",12/04/06,,30
219,"GDEROEP","",12/04/06,,33
219,"GDEROEP","",12/04/06,,34
219,"GDEROEP","",12/04/06,,35
219,"GDEROEP","",12/04/06,,38
219,"GDEROEP","",12/04/06,,41
219,"GDEROEP","",12/04/06,,43
219,"GDEROEP","",12/04/06,,44
219,"GDEROEP","",12/04/06,,47
219,"GDEROEP","",12/04/06,,49
219,"GDEROEP","",12/04/06,,268
219,"GDEROEP","",12/04/06,,51
219,"GDEROEP","",12/04/06,,55
219,"GDEROEP","",12/04/06,,57
219,"GDEROEP","",12/04/06,,58
219,"GDEROEP","",12/04/06,,60
219,"GDEROEP","",12/04/06,,81
219,"GDEROEP","",12/04/06,,62
154,"GDEROEP","",12/04/06,,225
221,"GDEROEP","",23/02/06,,3
219,"GDEROEP","",12/04/06,,64
219,"GDEROEP","",12/04/06,,67
219,"GDEROEP","",12/04/06,,168
219,"GDEROEP","",12/04/06,,72
219,"GDEROEP","",12/04/06,,73
219,"GDEROEP","",12/04/06,,78
201,"GDEROEP","",22/02/06,,11
201,"GDEROEP","",22/02/06,,14
201,"GDEROEP","",22/02/06,,15
201,"GDEROEP","",22/02/06,,21
201,"GDEROEP","",22/02/06,,33
201,"GDEROEP","",22/02/06,,55
201,"GDEROEP","",22/02/06,,53
201,"GDEROEP","",22/02/06,,57
201,"GDEROEP","",22/02/06,,195
201,"GDEROEP","",22/02/06,,67
201,"GDEROEP","",22/02/06,,72
201,"GDEROEP","",22/02/06,,73
201,"GDEROEP","",22/02/06,,80
201,"GDEROEP","",22/02/06,,84
201,"GDEROEP","",22/02/06,,97
201,"GDEROEP","",22/02/06,,103
201,"GDEROEP","",22/02/06,,98
201,"GDEROEP","",22/02/06,,105
201,"GDEROEP","",22/02/06,,117
201,"GDEROEP","",22/02/06,,122
201,"GDEROEP","",22/02/06,,123
201,"GDEROEP","",22/02/06,,124
201,"GDEROEP","",22/02/06,,126
201,"GDEROEP","",22/02/06,,132
201,"GDEROEP","",22/02/06,,140
201,"GDEROEP","",22/02/06,,160
201,"GDEROEP","",22/02/06,,150
201,"GDEROEP","",22/02/06,,170
201,"GDEROEP","",22/02/06,,171
201,"GDEROEP","",22/02/06,,56
201,"GDEROEP","",22/02/06,,175
201,"GDEROEP","",22/02/06,,222
201,"GDEROEP","",22/02/06,,176
201,"GDEROEP","",22/02/06,,182
201,"GDEROEP","",22/02/06,,189
201,"GDEROEP","",22/02/06,,190
201,"GDEROEP","",22/02/06,,203
201,"GDEROEP","",22/02/06,,204
201,"GDEROEP","",22/02/06,,215
201,"GDEROEP","",22/02/06,,220
424,"GDEROEP","",30/07/08,,2
424,"GDEROEP","",30/07/08,,5
424,"GDEROEP","",30/07/08,,11
424,"GDEROEP","",30/07/08,,15
424,"GDEROEP","",30/07/08,,21
424,"GDEROEP","",30/07/08,,27
424,"GDEROEP","",30/07/08,,33
424,"GDEROEP","",30/07/08,,55
424,"GDEROEP","",30/07/08,,57
424,"GDEROEP","",30/07/08,,81
424,"GDEROEP","",30/07/08,,67
424,"GDEROEP","",30/07/08,,72
424,"GDEROEP","",30/07/08,,73
424,"GDEROEP","",30/07/08,,80
424,"GDEROEP","",30/07/08,,84
424,"GDEROEP","",30/07/08,,97
424,"GDEROEP","",30/07/08,,103
424,"GDEROEP","",30/07/08,,98
424,"GDEROEP","",30/07/08,,105
424,"GDEROEP","",30/07/08,,53
424,"GDEROEP","",30/07/08,,117
424,"GDEROEP","",30/07/08,,122
219,"GDEROEP","",12/04/06,,84
424,"GDEROEP","",30/07/08,,123
424,"GDEROEP","",30/07/08,,124
424,"GDEROEP","",30/07/08,,126
424,"GDEROEP","",30/07/08,,132
424,"GDEROEP","",30/07/08,,140
219,"GDEROEP","",12/04/06,,89
424,"GDEROEP","",30/07/08,,141
424,"GDEROEP","",30/07/08,,387
424,"GDEROEP","",30/07/08,,150
424,"GDEROEP","",30/07/08,,160
424,"GDEROEP","",30/07/08,,220
424,"GDEROEP","",30/07/08,,14
424,"GDEROEP","",30/07/08,,170
424,"GDEROEP","",30/07/08,,171
424,"GDEROEP","",30/07/08,,175
424,"GDEROEP","",30/07/08,,176
424,"GDEROEP","",30/07/08,,182
424,"GDEROEP","",30/07/08,,236
424,"GDEROEP","",30/07/08,,189
424,"GDEROEP","",30/07/08,,190
219,"GDEROEP","",12/04/06,,90
219,"GDEROEP","",12/04/06,,95
219,"GDEROEP","",12/04/06,,97
219,"GDEROEP","",12/04/06,,103
219,"GDEROEP","",12/04/06,,98
219,"GDEROEP","",12/04/06,,104
219,"GDEROEP","",12/04/06,,105
219,"GDEROEP","",12/04/06,,52
219,"GDEROEP","",12/04/06,,107
219,"GDEROEP","",12/04/06,,37
219,"GDEROEP","",12/04/06,,110
219,"GDEROEP","",12/04/06,,53
219,"GDEROEP","",12/04/06,,117
219,"GDEROEP","",12/04/06,,118
219,"GDEROEP","",12/04/06,,120
219,"GDEROEP","",12/04/06,,123
219,"GDEROEP","",12/04/06,,131
219,"GDEROEP","",12/04/06,,132
219,"GDEROEP","",12/04/06,,144
219,"GDEROEP","",12/04/06,,135
219,"GDEROEP","",12/04/06,,136
219,"GDEROEP","",12/04/06,,138
219,"GDEROEP","",12/04/06,,142
219,"GDEROEP","",12/04/06,,150
219,"GDEROEP","",12/04/06,,154
219,"GDEROEP","",12/04/06,,153
219,"GDEROEP","",12/04/06,,155
219,"GDEROEP","",12/04/06,,160
219,"GDEROEP","",12/04/06,,220
219,"GDEROEP","",12/04/06,,14
219,"GDEROEP","",12/04/06,,164
219,"GDEROEP","",12/04/06,,166
219,"GDEROEP","",12/04/06,,167
219,"GDEROEP","",12/04/06,,171
219,"GDEROEP","",12/04/06,,175
219,"GDEROEP","",12/04/06,,184
219,"GDEROEP","",12/04/06,,185
219,"GDEROEP","",12/04/06,,189
219,"GDEROEP","",12/04/06,,190
219,"GDEROEP","",12/04/06,,195
219,"GDEROEP","",12/04/06,,209
219,"GDEROEP","",12/04/06,,210
219,"GDEROEP","",12/04/06,,42
219,"GDEROEP","",12/04/06,,56
219,"GDEROEP","",12/04/06,,214
219,"GDEROEP","",12/04/06,,215
219,"GDEROEP","",12/04/06,,219
219,"GDEROEP","",12/04/06,,225
219,"GDEROEP","",12/04/06,,229
219,"GDEROEP","",12/04/06,,222
219,"GDEROEP","",12/04/06,,223
219,"GDEROEP","",12/04/06,,239
219,"GDEROEP","",12/04/06,,193
219,"GDEROEP","",12/04/06,,203
219,"GDEROEP","",12/04/06,,204
134,"GDEROEP","",15/02/06,,38
203,"GDEROEP","",06/04/06,,73
203,"GDEROEP","",06/04/06,,81
203,"GDEROEP","",06/04/06,,103
203,"GDEROEP","",06/04/06,,124
203,"GDEROEP","",06/04/06,,150
203,"GDEROEP","",06/04/06,,222
196,"GDEROEP","",06/04/06,,5
196,"GDEROEP","",06/04/06,,11
196,"GDEROEP","",06/04/06,,14
221,"GDEROEP","",23/02/06,,176
221,"GDEROEP","",23/02/06,,333
221,"GDEROEP","",23/02/06,,184
221,"GDEROEP","",23/02/06,,189
196,"GDEROEP","",06/04/06,,15
196,"GDEROEP","",06/04/06,,21
196,"GDEROEP","",06/04/06,,33
196,"GDEROEP","",06/04/06,,53
196,"GDEROEP","",06/04/06,,55
172,"GDEROEP","",24/07/06,,225
244,"GDEROEP","",24/07/06,,73
278,"GDEROEP","",24/07/06,,81
278,"GDEROEP","",24/07/06,,21
141,"GDEROEP","",23/02/06,,144
278,"GDEROEP","",24/07/06,,73
114,"GDEROEP","",23/02/06,,97
196,"GDEROEP","",06/04/06,,56
278,"GDEROEP","",24/07/06,,103
278,"GDEROEP","",24/07/06,,124
278,"GDEROEP","",24/07/06,,150
278,"GDEROEP","",24/07/06,,222
278,"GDEROEP","",24/07/06,,204
281,"GDEROEP","",24/07/06,,81
281,"GDEROEP","",24/07/06,,21
281,"GDEROEP","",24/07/06,,73
281,"GDEROEP","",24/07/06,,103
281,"GDEROEP","",24/07/06,,124
281,"GDEROEP","",24/07/06,,150
281,"GDEROEP","",24/07/06,,222
281,"GDEROEP","",24/07/06,,204
415,"PGERARD","",24/07/08,,2
144,"GDEROEP","",06/04/06,,104
196,"GDEROEP","",06/04/06,,57
196,"GDEROEP","",06/04/06,,67
196,"GDEROEP","",06/04/06,,72
196,"GDEROEP","",06/04/06,,73
196,"GDEROEP","",06/04/06,,80
196,"GDEROEP","",06/04/06,,81
196,"GDEROEP","",06/04/06,,84
196,"GDEROEP","",06/04/06,,97
196,"GDEROEP","",06/04/06,,98
196,"GDEROEP","",06/04/06,,103
229,"PGERARD","",09/07/04,,81
229,"PGERARD","",09/07/04,,10
229,"PGERARD","",09/07/04,,21
229,"PGERARD","",09/07/04,,26
229,"PGERARD","",09/07/04,,30
415,"PGERARD","",24/07/08,,53
415,"PGERARD","",24/07/08,,98
415,"PGERARD","",24/07/08,,104
415,"PGERARD","",24/07/08,,122
415,"PGERARD","",24/07/08,,126
415,"PGERARD","",24/07/08,,387
415,"PGERARD","",24/07/08,,160
415,"PGERARD","",24/07/08,,204
415,"PGERARD","",24/07/08,,215
196,"GDEROEP","",06/04/06,,105
196,"GDEROEP","",06/04/06,,117
196,"GDEROEP","",06/04/06,,122
196,"GDEROEP","",06/04/06,,123
196,"GDEROEP","",06/04/06,,124
196,"GDEROEP","",06/04/06,,126
196,"GDEROEP","",06/04/06,,132
196,"GDEROEP","",06/04/06,,140
196,"GDEROEP","",06/04/06,,150
196,"GDEROEP","",06/04/06,,160
196,"GDEROEP","",06/04/06,,170
196,"GDEROEP","",06/04/06,,171
196,"GDEROEP","",06/04/06,,175
196,"GDEROEP","",06/04/06,,176
196,"GDEROEP","",06/04/06,,182
196,"GDEROEP","",06/04/06,,189
196,"GDEROEP","",06/04/06,,190
196,"GDEROEP","",06/04/06,,195
196,"GDEROEP","",06/04/06,,203
196,"GDEROEP","",06/04/06,,204
196,"GDEROEP","",06/04/06,,215
196,"GDEROEP","",06/04/06,,220
196,"GDEROEP","",06/04/06,,222
225,"GDEROEP","",12/04/06,,37
151,"PGERARD","",10/04/06,,190
156,"PGERARD","",10/04/06,,56
225,"GDEROEP","",12/04/06,,42
225,"GDEROEP","",12/04/06,,113
225,"GDEROEP","",12/04/06,,53
221,"GDEROEP","",23/02/06,,191
225,"GDEROEP","",12/04/06,,127
225,"GDEROEP","",12/04/06,,129
225,"GDEROEP","",12/04/06,,131
225,"GDEROEP","",12/04/06,,144
225,"GDEROEP","",12/04/06,,136
225,"GDEROEP","",12/04/06,,138
225,"GDEROEP","",12/04/06,,142
225,"GDEROEP","",12/04/06,,150
225,"GDEROEP","",12/04/06,,149
225,"GDEROEP","",12/04/06,,154
225,"GDEROEP","",12/04/06,,153
225,"GDEROEP","",12/04/06,,160
225,"GDEROEP","",12/04/06,,220
225,"GDEROEP","",12/04/06,,226
225,"GDEROEP","",12/04/06,,14
225,"GDEROEP","",12/04/06,,162
225,"GDEROEP","",12/04/06,,164
225,"GDEROEP","",12/04/06,,165
225,"GDEROEP","",12/04/06,,166
225,"GDEROEP","",12/04/06,,167
225,"GDEROEP","",12/04/06,,170
225,"GDEROEP","",12/04/06,,171
225,"GDEROEP","",12/04/06,,175
225,"GDEROEP","",12/04/06,,176
225,"GDEROEP","",12/04/06,,184
225,"GDEROEP","",12/04/06,,185
225,"GDEROEP","",12/04/06,,189
225,"GDEROEP","",12/04/06,,190
225,"GDEROEP","",12/04/06,,195
225,"GDEROEP","",12/04/06,,196
225,"GDEROEP","",12/04/06,,202
225,"GDEROEP","",12/04/06,,205
225,"GDEROEP","",12/04/06,,208
225,"GDEROEP","",12/04/06,,209
225,"GDEROEP","",12/04/06,,212
218,"GDEROEP","",29/06/04,,21
218,"GDEROEP","",29/06/04,,57
218,"GDEROEP","",29/06/04,,81
218,"GDEROEP","",29/06/04,,67
218,"GDEROEP","",29/06/04,,72
218,"GDEROEP","",29/06/04,,73
218,"GDEROEP","",29/06/04,,84
218,"GDEROEP","",29/06/04,,97
218,"GDEROEP","",29/06/04,,103
218,"GDEROEP","",29/06/04,,105
218,"GDEROEP","",29/06/04,,117
218,"GDEROEP","",29/06/04,,123
218,"GDEROEP","",29/06/04,,124
218,"GDEROEP","",29/06/04,,132
218,"GDEROEP","",29/06/04,,150
218,"GDEROEP","",29/06/04,,14
218,"GDEROEP","",29/06/04,,170
218,"GDEROEP","",29/06/04,,171
218,"GDEROEP","",29/06/04,,189
218,"GDEROEP","",29/06/04,,190
218,"GDEROEP","",29/06/04,,195
218,"GDEROEP","",29/06/04,,56
218,"GDEROEP","",29/06/04,,222
218,"GDEROEP","",29/06/04,,203
221,"GDEROEP","",23/02/06,,10
221,"GDEROEP","",23/02/06,,13
221,"GDEROEP","",23/02/06,,14
221,"GDEROEP","",23/02/06,,21
221,"GDEROEP","",23/02/06,,30
221,"GDEROEP","",23/02/06,,33
221,"GDEROEP","",23/02/06,,38
221,"GDEROEP","",23/02/06,,43
221,"GDEROEP","",23/02/06,,44
221,"GDEROEP","",23/02/06,,47
221,"GDEROEP","",23/02/06,,53
221,"GDEROEP","",23/02/06,,55
221,"GDEROEP","",23/02/06,,56
221,"GDEROEP","",23/02/06,,57
221,"GDEROEP","",23/02/06,,60
221,"GDEROEP","",23/02/06,,63
221,"GDEROEP","",23/02/06,,67
221,"GDEROEP","",23/02/06,,72
221,"GDEROEP","",23/02/06,,73
221,"GDEROEP","",23/02/06,,81
221,"GDEROEP","",23/02/06,,84
221,"GDEROEP","",23/02/06,,98
221,"GDEROEP","",23/02/06,,99
221,"GDEROEP","",23/02/06,,101
221,"GDEROEP","",23/02/06,,103
221,"GDEROEP","",23/02/06,,104
221,"GDEROEP","",23/02/06,,105
221,"GDEROEP","",23/02/06,,107
221,"GDEROEP","",23/02/06,,113
221,"GDEROEP","",23/02/06,,118
221,"GDEROEP","",23/02/06,,124
221,"GDEROEP","",23/02/06,,126
221,"GDEROEP","",23/02/06,,129
221,"GDEROEP","",23/02/06,,132
221,"GDEROEP","",23/02/06,,136
221,"GDEROEP","",23/02/06,,138
221,"GDEROEP","",23/02/06,,141
221,"GDEROEP","",23/02/06,,144
221,"GDEROEP","",23/02/06,,147
221,"GDEROEP","",23/02/06,,150
221,"GDEROEP","",23/02/06,,153
221,"GDEROEP","",23/02/06,,156
221,"GDEROEP","",23/02/06,,160
221,"GDEROEP","",23/02/06,,166
221,"GDEROEP","",23/02/06,,170
221,"GDEROEP","",23/02/06,,171
221,"GDEROEP","",23/02/06,,175
113,"GDEROEP","",02/03/06,,81
132,"PGERARD","",19/06/08,,3
429,"PGERARD","",28/07/09,,73
429,"PGERARD","",28/07/09,,150
291,"PGERARD","",02/03/06,,81
291,"PGERARD","",02/03/06,,21
291,"PGERARD","",02/03/06,,73
291,"PGERARD","",02/03/06,,124
291,"PGERARD","",02/03/06,,150
291,"PGERARD","",02/03/06,,222
460,"GDEROEP","",13/08/09,,81
460,"GDEROEP","",13/08/09,,21
429,"PGERARD","",28/07/09,,21
460,"GDEROEP","",13/08/09,,67
460,"GDEROEP","",13/08/09,,73
460,"GDEROEP","",13/08/09,,97
418,"GDEROEP","",13/08/09,,193
418,"GDEROEP","",13/08/09,,3
225,"GDEROEP","",12/04/06,,56
225,"GDEROEP","",12/04/06,,214
225,"GDEROEP","",12/04/06,,215
225,"GDEROEP","",12/04/06,,219
225,"GDEROEP","",12/04/06,,225
225,"GDEROEP","",12/04/06,,229
225,"GDEROEP","",12/04/06,,222
225,"GDEROEP","",12/04/06,,223
225,"GDEROEP","",12/04/06,,239
225,"GDEROEP","",12/04/06,,193
225,"GDEROEP","",12/04/06,,203
225,"GDEROEP","",12/04/06,,204
240,"GDEROEP","",12/04/06,,21
240,"GDEROEP","",12/04/06,,55
240,"GDEROEP","",12/04/06,,57
240,"GDEROEP","",12/04/06,,81
240,"GDEROEP","",12/04/06,,67
240,"GDEROEP","",12/04/06,,72
240,"GDEROEP","",12/04/06,,73
240,"GDEROEP","",12/04/06,,84
240,"GDEROEP","",12/04/06,,97
240,"GDEROEP","",12/04/06,,103
240,"GDEROEP","",12/04/06,,105
240,"GDEROEP","",12/04/06,,53
240,"GDEROEP","",12/04/06,,117
240,"GDEROEP","",12/04/06,,123
240,"GDEROEP","",12/04/06,,124
240,"GDEROEP","",12/04/06,,150
240,"GDEROEP","",12/04/06,,14
240,"GDEROEP","",12/04/06,,170
240,"GDEROEP","",12/04/06,,171
240,"GDEROEP","",12/04/06,,189
240,"GDEROEP","",12/04/06,,190
240,"GDEROEP","",12/04/06,,195
240,"GDEROEP","",12/04/06,,56
240,"GDEROEP","",12/04/06,,222
240,"GDEROEP","",12/04/06,,203
417,"PGERARD","",24/07/08,,81
417,"PGERARD","",24/07/08,,14
417,"PGERARD","",24/07/08,,55
417,"PGERARD","",24/07/08,,53
417,"PGERARD","",24/07/08,,57
417,"PGERARD","",24/07/08,,195
221,"GDEROEP","",23/02/06,,195
221,"GDEROEP","",23/02/06,,196
221,"GDEROEP","",23/02/06,,203
221,"GDEROEP","",23/02/06,,204
221,"GDEROEP","",23/02/06,,208
221,"GDEROEP","",23/02/06,,213
221,"GDEROEP","",23/02/06,,215
221,"GDEROEP","",23/02/06,,221
221,"GDEROEP","",23/02/06,,222
221,"GDEROEP","",23/02/06,,223
221,"GDEROEP","",23/02/06,,225
221,"GDEROEP","",23/02/06,,229
417,"PGERARD","",24/07/08,,67
417,"PGERARD","",24/07/08,,72
432,"GDEROEP","",13/08/09,,81
432,"GDEROEP","",13/08/09,,14
263,"GDEROEP","",12/04/06,,57
263,"GDEROEP","",12/04/06,,81
263,"GDEROEP","",12/04/06,,67
263,"GDEROEP","",12/04/06,,72
263,"GDEROEP","",12/04/06,,73
263,"GDEROEP","",12/04/06,,84
263,"GDEROEP","",12/04/06,,97
263,"GDEROEP","",12/04/06,,103
263,"GDEROEP","",12/04/06,,105
263,"GDEROEP","",12/04/06,,124
263,"GDEROEP","",12/04/06,,150
263,"GDEROEP","",12/04/06,,160
263,"GDEROEP","",12/04/06,,14
263,"GDEROEP","",12/04/06,,170
263,"GDEROEP","",12/04/06,,171
263,"GDEROEP","",12/04/06,,189
207,"GDEROEP","",16/02/06,,14
207,"GDEROEP","",16/02/06,,21
251,"GDEROEP","",16/02/06,,81
251,"GDEROEP","",16/02/06,,105
251,"GDEROEP","",16/02/06,,170
252,"GDEROEP","",16/02/06,,73
252,"GDEROEP","",16/02/06,,222
207,"GDEROEP","",16/02/06,,53
207,"GDEROEP","",16/02/06,,56
207,"GDEROEP","",16/02/06,,57
207,"GDEROEP","",16/02/06,,67
250,"GDEROEP","",16/02/06,,56
250,"GDEROEP","",16/02/06,,73
250,"GDEROEP","",16/02/06,,81
250,"GDEROEP","",16/02/06,,105
250,"GDEROEP","",16/02/06,,171
250,"GDEROEP","",16/02/06,,222
205,"GDEROEP","",16/02/06,,21
205,"GDEROEP","",16/02/06,,53
205,"GDEROEP","",16/02/06,,56
205,"GDEROEP","",16/02/06,,67
205,"GDEROEP","",16/02/06,,72
205,"GDEROEP","",16/02/06,,73
205,"GDEROEP","",16/02/06,,81
205,"GDEROEP","",16/02/06,,84
205,"GDEROEP","",16/02/06,,97
205,"GDEROEP","",16/02/06,,103
205,"GDEROEP","",16/02/06,,117
205,"GDEROEP","",16/02/06,,123
205,"GDEROEP","",16/02/06,,124
205,"GDEROEP","",16/02/06,,132
205,"GDEROEP","",16/02/06,,150
205,"GDEROEP","",16/02/06,,170
205,"GDEROEP","",16/02/06,,171
205,"GDEROEP","",16/02/06,,189
205,"GDEROEP","",16/02/06,,190
205,"GDEROEP","",16/02/06,,195
205,"GDEROEP","",16/02/06,,203
207,"GDEROEP","",16/02/06,,72
207,"GDEROEP","",16/02/06,,73
207,"GDEROEP","",16/02/06,,81
207,"GDEROEP","",16/02/06,,84
207,"GDEROEP","",16/02/06,,97
207,"GDEROEP","",16/02/06,,103
207,"GDEROEP","",16/02/06,,105
207,"GDEROEP","",16/02/06,,117
207,"GDEROEP","",16/02/06,,123
207,"GDEROEP","",16/02/06,,124
207,"GDEROEP","",16/02/06,,132
207,"GDEROEP","",16/02/06,,150
207,"GDEROEP","",16/02/06,,170
207,"GDEROEP","",16/02/06,,171
207,"GDEROEP","",16/02/06,,189
207,"GDEROEP","",16/02/06,,190
207,"GDEROEP","",16/02/06,,195
207,"GDEROEP","",16/02/06,,203
207,"GDEROEP","",16/02/06,,222
245,"GDEROEP","",16/02/06,,73
245,"GDEROEP","",16/02/06,,105
245,"GDEROEP","",16/02/06,,195
205,"GDEROEP","",16/02/06,,14
205,"GDEROEP","",16/02/06,,222
432,"GDEROEP","",13/08/09,,21
222,"GDEROEP","",20/02/06,,214
216,"GDEROEP","",20/02/06,,73
216,"GDEROEP","",20/02/06,,81
216,"GDEROEP","",20/02/06,,103
216,"GDEROEP","",20/02/06,,124
216,"GDEROEP","",20/02/06,,150
216,"GDEROEP","",20/02/06,,222
432,"GDEROEP","",13/08/09,,33
263,"GDEROEP","",12/04/06,,195
200,"GDEROEP","",20/02/06,,267
200,"GDEROEP","",20/02/06,,2
200,"GDEROEP","",20/02/06,,3
200,"GDEROEP","",20/02/06,,5
200,"GDEROEP","",20/02/06,,6
200,"GDEROEP","",20/02/06,,9
200,"GDEROEP","",20/02/06,,10
200,"GDEROEP","",20/02/06,,11
200,"GDEROEP","",20/02/06,,13
200,"GDEROEP","",20/02/06,,14
200,"GDEROEP","",20/02/06,,15
200,"GDEROEP","",20/02/06,,16
200,"GDEROEP","",20/02/06,,17
200,"GDEROEP","",20/02/06,,18
200,"GDEROEP","",20/02/06,,19
200,"GDEROEP","",20/02/06,,20
200,"GDEROEP","",20/02/06,,21
200,"GDEROEP","",20/02/06,,22
200,"GDEROEP","",20/02/06,,23
200,"GDEROEP","",20/02/06,,25
200,"GDEROEP","",20/02/06,,26
200,"GDEROEP","",20/02/06,,27
200,"GDEROEP","",20/02/06,,28
200,"GDEROEP","",20/02/06,,30
200,"GDEROEP","",20/02/06,,33
200,"GDEROEP","",20/02/06,,34
200,"GDEROEP","",20/02/06,,35
200,"GDEROEP","",20/02/06,,36
200,"GDEROEP","",20/02/06,,37
200,"GDEROEP","",20/02/06,,38
200,"GDEROEP","",20/02/06,,39
200,"GDEROEP","",20/02/06,,41
200,"GDEROEP","",20/02/06,,42
200,"GDEROEP","",20/02/06,,43
200,"GDEROEP","",20/02/06,,44
200,"GDEROEP","",20/02/06,,47
200,"GDEROEP","",20/02/06,,48
200,"GDEROEP","",20/02/06,,49
200,"GDEROEP","",20/02/06,,51
200,"GDEROEP","",20/02/06,,53
263,"GDEROEP","",12/04/06,,56
263,"GDEROEP","",12/04/06,,222
263,"GDEROEP","",12/04/06,,203
432,"GDEROEP","",13/08/09,,55
432,"GDEROEP","",13/08/09,,53
432,"GDEROEP","",13/08/09,,57
432,"GDEROEP","",13/08/09,,195
432,"GDEROEP","",13/08/09,,67
432,"GDEROEP","",13/08/09,,72
432,"GDEROEP","",13/08/09,,73
432,"GDEROEP","",13/08/09,,84
432,"GDEROEP","",13/08/09,,97
432,"GDEROEP","",13/08/09,,103
432,"GDEROEP","",13/08/09,,98
432,"GDEROEP","",13/08/09,,105
432,"GDEROEP","",13/08/09,,117
432,"GDEROEP","",13/08/09,,122
432,"GDEROEP","",13/08/09,,123
432,"GDEROEP","",13/08/09,,124
432,"GDEROEP","",13/08/09,,126
432,"GDEROEP","",13/08/09,,132
432,"GDEROEP","",13/08/09,,160
432,"GDEROEP","",13/08/09,,150
432,"GDEROEP","",13/08/09,,170
432,"GDEROEP","",13/08/09,,171
432,"GDEROEP","",13/08/09,,56
432,"GDEROEP","",13/08/09,,175
432,"GDEROEP","",13/08/09,,222
432,"GDEROEP","",13/08/09,,189
200,"GDEROEP","",20/02/06,,54
200,"GDEROEP","",20/02/06,,55
200,"GDEROEP","",20/02/06,,56
200,"GDEROEP","",20/02/06,,57
200,"GDEROEP","",20/02/06,,58
200,"GDEROEP","",20/02/06,,59
200,"GDEROEP","",20/02/06,,60
200,"GDEROEP","",20/02/06,,61
200,"GDEROEP","",20/02/06,,62
200,"GDEROEP","",20/02/06,,63
200,"GDEROEP","",20/02/06,,64
200,"GDEROEP","",20/02/06,,65
200,"GDEROEP","",20/02/06,,66
200,"GDEROEP","",20/02/06,,67
200,"GDEROEP","",20/02/06,,68
200,"GDEROEP","",20/02/06,,71
200,"GDEROEP","",20/02/06,,72
200,"GDEROEP","",20/02/06,,73
200,"GDEROEP","",20/02/06,,78
200,"GDEROEP","",20/02/06,,79
200,"GDEROEP","",20/02/06,,80
200,"GDEROEP","",20/02/06,,81
200,"GDEROEP","",20/02/06,,82
200,"GDEROEP","",20/02/06,,84
200,"GDEROEP","",20/02/06,,287
200,"GDEROEP","",20/02/06,,89
200,"GDEROEP","",20/02/06,,90
200,"GDEROEP","",20/02/06,,91
200,"GDEROEP","",20/02/06,,92
200,"GDEROEP","",20/02/06,,93
200,"GDEROEP","",20/02/06,,95
200,"GDEROEP","",20/02/06,,97
200,"GDEROEP","",20/02/06,,98
200,"GDEROEP","",20/02/06,,99
200,"GDEROEP","",20/02/06,,100
200,"GDEROEP","",20/02/06,,101
200,"GDEROEP","",20/02/06,,102
200,"GDEROEP","",20/02/06,,103
200,"GDEROEP","",20/02/06,,104
200,"GDEROEP","",20/02/06,,105
217,"GDEROEP","",20/02/06,,5
200,"GDEROEP","",20/02/06,,52
200,"GDEROEP","",20/02/06,,106
200,"GDEROEP","",20/02/06,,107
200,"GDEROEP","",20/02/06,,108
200,"GDEROEP","",20/02/06,,109
200,"GDEROEP","",20/02/06,,110
200,"GDEROEP","",20/02/06,,111
200,"GDEROEP","",20/02/06,,113
200,"GDEROEP","",20/02/06,,112
200,"GDEROEP","",20/02/06,,114
200,"GDEROEP","",20/02/06,,115
200,"GDEROEP","",20/02/06,,116
200,"GDEROEP","",20/02/06,,117
200,"GDEROEP","",20/02/06,,118
200,"GDEROEP","",20/02/06,,288
200,"GDEROEP","",20/02/06,,120
200,"GDEROEP","",20/02/06,,121
200,"GDEROEP","",20/02/06,,123
200,"GDEROEP","",20/02/06,,124
200,"GDEROEP","",20/02/06,,126
200,"GDEROEP","",20/02/06,,127
200,"GDEROEP","",20/02/06,,128
200,"GDEROEP","",20/02/06,,129
200,"GDEROEP","",20/02/06,,130
200,"GDEROEP","",20/02/06,,131
200,"GDEROEP","",20/02/06,,132
239,"GDEROEP","",21/06/05,,43
239,"GDEROEP","",21/06/05,,30
239,"GDEROEP","",21/06/05,,62
239,"GDEROEP","",21/06/05,,195
239,"GDEROEP","",21/06/05,,72
239,"GDEROEP","",21/06/05,,164
200,"GDEROEP","",20/02/06,,307
217,"GDEROEP","",20/02/06,,10
217,"GDEROEP","",20/02/06,,13
217,"GDEROEP","",20/02/06,,14
217,"GDEROEP","",20/02/06,,15
217,"GDEROEP","",20/02/06,,16
200,"GDEROEP","",20/02/06,,135
200,"GDEROEP","",20/02/06,,136
200,"GDEROEP","",20/02/06,,138
200,"GDEROEP","",20/02/06,,139
200,"GDEROEP","",20/02/06,,141
200,"GDEROEP","",20/02/06,,142
200,"GDEROEP","",20/02/06,,144
200,"GDEROEP","",20/02/06,,145
200,"GDEROEP","",20/02/06,,147
200,"GDEROEP","",20/02/06,,148
200,"GDEROEP","",20/02/06,,149
200,"GDEROEP","",20/02/06,,150
200,"GDEROEP","",20/02/06,,153
200,"GDEROEP","",20/02/06,,154
200,"GDEROEP","",20/02/06,,155
200,"GDEROEP","",20/02/06,,156
200,"GDEROEP","",20/02/06,,160
200,"GDEROEP","",20/02/06,,161
200,"GDEROEP","",20/02/06,,162
200,"GDEROEP","",20/02/06,,163
200,"GDEROEP","",20/02/06,,164
200,"GDEROEP","",20/02/06,,165
200,"GDEROEP","",20/02/06,,166
200,"GDEROEP","",20/02/06,,167
200,"GDEROEP","",20/02/06,,168
200,"GDEROEP","",20/02/06,,170
200,"GDEROEP","",20/02/06,,171
200,"GDEROEP","",20/02/06,,173
200,"GDEROEP","",20/02/06,,175
200,"GDEROEP","",20/02/06,,176
200,"GDEROEP","",20/02/06,,177
200,"GDEROEP","",20/02/06,,178
200,"GDEROEP","",20/02/06,,180
200,"GDEROEP","",20/02/06,,181
200,"GDEROEP","",20/02/06,,182
200,"GDEROEP","",20/02/06,,183
200,"GDEROEP","",20/02/06,,184
200,"GDEROEP","",20/02/06,,185
200,"GDEROEP","",20/02/06,,236
200,"GDEROEP","",20/02/06,,186
200,"GDEROEP","",20/02/06,,187
200,"GDEROEP","",20/02/06,,189
200,"GDEROEP","",20/02/06,,190
200,"GDEROEP","",20/02/06,,191
200,"GDEROEP","",20/02/06,,192
200,"GDEROEP","",20/02/06,,193
200,"GDEROEP","",20/02/06,,195
200,"GDEROEP","",20/02/06,,196
200,"GDEROEP","",20/02/06,,199
200,"GDEROEP","",20/02/06,,200
200,"GDEROEP","",20/02/06,,202
200,"GDEROEP","",20/02/06,,203
200,"GDEROEP","",20/02/06,,204
200,"GDEROEP","",20/02/06,,207
200,"GDEROEP","",20/02/06,,209
200,"GDEROEP","",20/02/06,,210
200,"GDEROEP","",20/02/06,,212
200,"GDEROEP","",20/02/06,,213
200,"GDEROEP","",20/02/06,,214
200,"GDEROEP","",20/02/06,,215
200,"GDEROEP","",20/02/06,,216
200,"GDEROEP","",20/02/06,,218
200,"GDEROEP","",20/02/06,,219
200,"GDEROEP","",20/02/06,,220
200,"GDEROEP","",20/02/06,,221
200,"GDEROEP","",20/02/06,,222
200,"GDEROEP","",20/02/06,,223
200,"GDEROEP","",20/02/06,,225
200,"GDEROEP","",20/02/06,,226
200,"GDEROEP","",20/02/06,,227
200,"GDEROEP","",20/02/06,,229
200,"GDEROEP","",20/02/06,,230
200,"GDEROEP","",20/02/06,,235
200,"GDEROEP","",20/02/06,,238
200,"GDEROEP","",20/02/06,,239
217,"GDEROEP","",20/02/06,,3
217,"GDEROEP","",20/02/06,,17
217,"GDEROEP","",20/02/06,,20
217,"GDEROEP","",20/02/06,,21
217,"GDEROEP","",20/02/06,,22
217,"GDEROEP","",20/02/06,,30
217,"GDEROEP","",20/02/06,,33
217,"GDEROEP","",20/02/06,,34
217,"GDEROEP","",20/02/06,,38
217,"GDEROEP","",20/02/06,,44
217,"GDEROEP","",20/02/06,,47
217,"GDEROEP","",20/02/06,,51
217,"GDEROEP","",20/02/06,,56
217,"GDEROEP","",20/02/06,,57
217,"GDEROEP","",20/02/06,,60
217,"GDEROEP","",20/02/06,,62
217,"GDEROEP","",20/02/06,,67
217,"GDEROEP","",20/02/06,,71
217,"GDEROEP","",20/02/06,,72
217,"GDEROEP","",20/02/06,,73
217,"GDEROEP","",20/02/06,,79
217,"GDEROEP","",20/02/06,,80
217,"GDEROEP","",20/02/06,,81
217,"GDEROEP","",20/02/06,,84
217,"GDEROEP","",20/02/06,,89
217,"GDEROEP","",20/02/06,,97
217,"GDEROEP","",20/02/06,,98
217,"GDEROEP","",20/02/06,,99
217,"GDEROEP","",20/02/06,,100
217,"GDEROEP","",20/02/06,,101
217,"GDEROEP","",20/02/06,,103
217,"GDEROEP","",20/02/06,,104
217,"GDEROEP","",20/02/06,,105
217,"GDEROEP","",20/02/06,,52
217,"GDEROEP","",20/02/06,,107
217,"GDEROEP","",20/02/06,,108
217,"GDEROEP","",20/02/06,,113
217,"GDEROEP","",20/02/06,,114
217,"GDEROEP","",20/02/06,,122
217,"GDEROEP","",20/02/06,,123
217,"GDEROEP","",20/02/06,,126
217,"GDEROEP","",20/02/06,,129
217,"GDEROEP","",20/02/06,,132
217,"GDEROEP","",20/02/06,,136
217,"GDEROEP","",20/02/06,,138
217,"GDEROEP","",20/02/06,,144
217,"GDEROEP","",20/02/06,,150
217,"GDEROEP","",20/02/06,,153
217,"GDEROEP","",20/02/06,,156
217,"GDEROEP","",20/02/06,,160
217,"GDEROEP","",20/02/06,,162
217,"GDEROEP","",20/02/06,,164
217,"GDEROEP","",20/02/06,,167
217,"GDEROEP","",20/02/06,,168
217,"GDEROEP","",20/02/06,,170
217,"GDEROEP","",20/02/06,,171
217,"GDEROEP","",20/02/06,,176
217,"GDEROEP","",20/02/06,,178
217,"GDEROEP","",20/02/06,,333
217,"GDEROEP","",20/02/06,,185
217,"GDEROEP","",20/02/06,,189
217,"GDEROEP","",20/02/06,,190
217,"GDEROEP","",20/02/06,,193
217,"GDEROEP","",20/02/06,,195
217,"GDEROEP","",20/02/06,,202
217,"GDEROEP","",20/02/06,,203
217,"GDEROEP","",20/02/06,,204
217,"GDEROEP","",20/02/06,,208
217,"GDEROEP","",20/02/06,,209
217,"GDEROEP","",20/02/06,,213
217,"GDEROEP","",20/02/06,,214
217,"GDEROEP","",20/02/06,,215
217,"GDEROEP","",20/02/06,,219
217,"GDEROEP","",20/02/06,,221
217,"GDEROEP","",20/02/06,,222
217,"GDEROEP","",20/02/06,,223
217,"GDEROEP","",20/02/06,,225
159,"PGERARD","",13/01/09,,73
158,"PGERARD","",13/01/09,,144
145,"PGERARD","",13/01/09,,49
150,"PGERARD","",13/01/09,,170
432,"GDEROEP","",13/08/09,,190
432,"GDEROEP","",13/08/09,,203
181,"PGERARD","",13/01/09,,97
176,"PGERARD","",28/07/09,,33
432,"GDEROEP","",13/08/09,,215
418,"GDEROEP","",13/08/09,,81
418,"GDEROEP","",13/08/09,,10
418,"GDEROEP","",13/08/09,,11
146,"PGERARD","",28/07/09,,49
147,"PGERARD","",28/07/09,,49
135,"PGERARD","",28/07/09,,44
418,"GDEROEP","",13/08/09,,13
175,"PGERARD","",28/07/09,,33
174,"PGERARD","",28/07/09,,33
418,"GDEROEP","",13/08/09,,14
418,"GDEROEP","",13/08/09,,21
418,"GDEROEP","",13/08/09,,27
418,"GDEROEP","",13/08/09,,30
418,"GDEROEP","",13/08/09,,33
418,"GDEROEP","",13/08/09,,38
418,"GDEROEP","",13/08/09,,44
418,"GDEROEP","",13/08/09,,55
418,"GDEROEP","",13/08/09,,47
418,"GDEROEP","",13/08/09,,113
418,"GDEROEP","",13/08/09,,53
418,"GDEROEP","",13/08/09,,54
418,"GDEROEP","",13/08/09,,57
418,"GDEROEP","",13/08/09,,63
418,"GDEROEP","",13/08/09,,195
418,"GDEROEP","",13/08/09,,67
418,"GDEROEP","",13/08/09,,223
418,"GDEROEP","",13/08/09,,68
418,"GDEROEP","",13/08/09,,72
418,"GDEROEP","",13/08/09,,73
418,"GDEROEP","",13/08/09,,80
418,"GDEROEP","",13/08/09,,84
217,"GDEROEP","",20/02/06,,239
263,"GDEROEP","",12/04/06,,204
217,"GDEROEP","",20/02/06,,238
418,"GDEROEP","",13/08/09,,97
418,"GDEROEP","",13/08/09,,103
418,"GDEROEP","",13/08/09,,98
418,"GDEROEP","",13/08/09,,104
418,"GDEROEP","",13/08/09,,117
418,"GDEROEP","",13/08/09,,123
418,"GDEROEP","",13/08/09,,124
418,"GDEROEP","",13/08/09,,126
418,"GDEROEP","",13/08/09,,132
418,"GDEROEP","",13/08/09,,140
155,"GDEROEP","",12/04/06,,176
300,"GDEROEP","",03/04/06,,124
211,"GDEROEP","",20/02/06,,144
300,"GDEROEP","",03/04/06,,150
190,"GDEROEP","",23/05/06,,204
191,"PGERARD","",25/07/08,,2
149,"GDEROEP","",12/04/06,,220
140,"GDEROEP","",12/04/06,,10
131,"GDEROEP","",12/04/06,,189
139,"GDEROEP","",12/04/06,,30
191,"PGERARD","",25/07/08,,81
191,"PGERARD","",25/07/08,,5
190,"GDEROEP","",23/05/06,,215
191,"PGERARD","",25/07/08,,11
191,"PGERARD","",25/07/08,,14
191,"PGERARD","",25/07/08,,15
191,"PGERARD","",25/07/08,,21
191,"PGERARD","",25/07/08,,33
191,"PGERARD","",25/07/08,,55
191,"PGERARD","",25/07/08,,53
191,"PGERARD","",25/07/08,,57
191,"PGERARD","",25/07/08,,195
191,"PGERARD","",25/07/08,,67
191,"PGERARD","",25/07/08,,72
191,"PGERARD","",25/07/08,,73
191,"PGERARD","",25/07/08,,80
191,"PGERARD","",25/07/08,,84
191,"PGERARD","",25/07/08,,97
191,"PGERARD","",25/07/08,,103
191,"PGERARD","",25/07/08,,98
191,"PGERARD","",25/07/08,,105
191,"PGERARD","",25/07/08,,117
191,"PGERARD","",25/07/08,,122
191,"PGERARD","",25/07/08,,123
191,"PGERARD","",25/07/08,,124
191,"PGERARD","",25/07/08,,126
191,"PGERARD","",25/07/08,,132
191,"PGERARD","",25/07/08,,140
191,"PGERARD","",25/07/08,,160
191,"PGERARD","",25/07/08,,150
191,"PGERARD","",25/07/08,,170
191,"PGERARD","",25/07/08,,171
191,"PGERARD","",25/07/08,,56
191,"PGERARD","",25/07/08,,175
191,"PGERARD","",25/07/08,,222
191,"PGERARD","",25/07/08,,176
191,"PGERARD","",25/07/08,,182
191,"PGERARD","",25/07/08,,189
191,"PGERARD","",25/07/08,,190
191,"PGERARD","",25/07/08,,203
191,"PGERARD","",25/07/08,,204
191,"PGERARD","",25/07/08,,215
191,"PGERARD","",25/07/08,,220
177,"GDEROEP","",02/05/06,,3
179,"GDEROEP","",02/05/06,,3
180,"GDEROEP","",02/05/06,,3
182,"GDEROEP","",23/05/06,,97
185,"GDEROEP","",23/05/06,,144
189,"GDEROEP","",23/05/06,,2
183,"GDEROEP","",23/05/06,,97
189,"GDEROEP","",23/05/06,,5
189,"GDEROEP","",23/05/06,,11
189,"GDEROEP","",23/05/06,,14
189,"GDEROEP","",23/05/06,,15
189,"GDEROEP","",23/05/06,,21
189,"GDEROEP","",23/05/06,,33
189,"GDEROEP","",23/05/06,,53
189,"GDEROEP","",23/05/06,,56
189,"GDEROEP","",23/05/06,,57
189,"GDEROEP","",23/05/06,,67
189,"GDEROEP","",23/05/06,,72
189,"GDEROEP","",23/05/06,,73
189,"GDEROEP","",23/05/06,,80
189,"GDEROEP","",23/05/06,,81
189,"GDEROEP","",23/05/06,,97
189,"GDEROEP","",23/05/06,,98
189,"GDEROEP","",23/05/06,,103
189,"GDEROEP","",23/05/06,,104
189,"GDEROEP","",23/05/06,,105
189,"GDEROEP","",23/05/06,,117
189,"GDEROEP","",23/05/06,,122
189,"GDEROEP","",23/05/06,,123
189,"GDEROEP","",23/05/06,,124
189,"GDEROEP","",23/05/06,,126
189,"GDEROEP","",23/05/06,,132
189,"GDEROEP","",23/05/06,,140
189,"GDEROEP","",23/05/06,,150
189,"GDEROEP","",23/05/06,,160
189,"GDEROEP","",23/05/06,,170
189,"GDEROEP","",23/05/06,,171
189,"GDEROEP","",23/05/06,,175
189,"GDEROEP","",23/05/06,,176
189,"GDEROEP","",23/05/06,,182
189,"GDEROEP","",23/05/06,,189
189,"GDEROEP","",23/05/06,,190
189,"GDEROEP","",23/05/06,,195
189,"GDEROEP","",23/05/06,,203
189,"GDEROEP","",23/05/06,,204
189,"GDEROEP","",23/05/06,,215
189,"GDEROEP","",23/05/06,,220
188,"GDEROEP","",23/05/06,,2
188,"GDEROEP","",23/05/06,,5
188,"GDEROEP","",23/05/06,,11
188,"GDEROEP","",23/05/06,,14
188,"GDEROEP","",23/05/06,,15
188,"GDEROEP","",23/05/06,,21
188,"GDEROEP","",23/05/06,,33
188,"GDEROEP","",23/05/06,,53
188,"GDEROEP","",23/05/06,,55
188,"GDEROEP","",23/05/06,,56
188,"GDEROEP","",23/05/06,,57
188,"GDEROEP","",23/05/06,,67
188,"GDEROEP","",23/05/06,,72
188,"GDEROEP","",23/05/06,,73
188,"GDEROEP","",23/05/06,,80
188,"GDEROEP","",23/05/06,,81
188,"GDEROEP","",23/05/06,,97
188,"GDEROEP","",23/05/06,,98
188,"GDEROEP","",23/05/06,,103
188,"GDEROEP","",23/05/06,,105
188,"GDEROEP","",23/05/06,,117
188,"GDEROEP","",23/05/06,,122
188,"GDEROEP","",23/05/06,,123
188,"GDEROEP","",23/05/06,,124
188,"GDEROEP","",23/05/06,,126
188,"GDEROEP","",23/05/06,,132
188,"GDEROEP","",23/05/06,,140
188,"GDEROEP","",23/05/06,,150
188,"GDEROEP","",23/05/06,,160
188,"GDEROEP","",23/05/06,,170
188,"GDEROEP","",23/05/06,,171
188,"GDEROEP","",23/05/06,,175
188,"GDEROEP","",23/05/06,,176
188,"GDEROEP","",23/05/06,,182
188,"GDEROEP","",23/05/06,,189
189,"GDEROEP","",23/05/06,,222
190,"GDEROEP","",23/05/06,,2
190,"GDEROEP","",23/05/06,,3
190,"GDEROEP","",23/05/06,,5
190,"GDEROEP","",23/05/06,,11
190,"GDEROEP","",23/05/06,,14
190,"GDEROEP","",23/05/06,,15
190,"GDEROEP","",23/05/06,,21
190,"GDEROEP","",23/05/06,,33
190,"GDEROEP","",23/05/06,,53
190,"GDEROEP","",23/05/06,,55
190,"GDEROEP","",23/05/06,,56
190,"GDEROEP","",23/05/06,,67
190,"GDEROEP","",23/05/06,,72
190,"GDEROEP","",23/05/06,,73
190,"GDEROEP","",23/05/06,,80
190,"GDEROEP","",23/05/06,,81
190,"GDEROEP","",23/05/06,,84
190,"GDEROEP","",23/05/06,,97
190,"GDEROEP","",23/05/06,,98
190,"GDEROEP","",23/05/06,,103
190,"GDEROEP","",23/05/06,,105
190,"GDEROEP","",23/05/06,,117
190,"GDEROEP","",23/05/06,,122
190,"GDEROEP","",23/05/06,,123
190,"GDEROEP","",23/05/06,,124
190,"GDEROEP","",23/05/06,,126
190,"GDEROEP","",23/05/06,,132
190,"GDEROEP","",23/05/06,,140
190,"GDEROEP","",23/05/06,,150
190,"GDEROEP","",23/05/06,,160
190,"GDEROEP","",23/05/06,,170
190,"GDEROEP","",23/05/06,,171
190,"GDEROEP","",23/05/06,,175
190,"GDEROEP","",23/05/06,,176
190,"GDEROEP","",23/05/06,,182
190,"GDEROEP","",23/05/06,,189
190,"GDEROEP","",23/05/06,,190
190,"GDEROEP","",23/05/06,,195
190,"GDEROEP","",23/05/06,,203
299,"GDEROEP","",03/04/06,,21
299,"GDEROEP","",03/04/06,,124
299,"GDEROEP","",03/04/06,,150
300,"GDEROEP","",03/04/06,,21
188,"GDEROEP","",23/05/06,,190
188,"GDEROEP","",23/05/06,,195
188,"GDEROEP","",23/05/06,,203
188,"GDEROEP","",23/05/06,,204
188,"GDEROEP","",23/05/06,,215
188,"GDEROEP","",23/05/06,,220
188,"GDEROEP","",23/05/06,,222
187,"GDEROEP","",23/05/06,,2
187,"GDEROEP","",23/05/06,,5
187,"GDEROEP","",23/05/06,,11
187,"GDEROEP","",23/05/06,,14
187,"GDEROEP","",23/05/06,,15
187,"GDEROEP","",23/05/06,,21
187,"GDEROEP","",23/05/06,,33
187,"GDEROEP","",23/05/06,,53
187,"GDEROEP","",23/05/06,,55
187,"GDEROEP","",23/05/06,,56
187,"GDEROEP","",23/05/06,,57
187,"GDEROEP","",23/05/06,,67
187,"GDEROEP","",23/05/06,,72
187,"GDEROEP","",23/05/06,,73
187,"GDEROEP","",23/05/06,,80
187,"GDEROEP","",23/05/06,,81
187,"GDEROEP","",23/05/06,,97
187,"GDEROEP","",23/05/06,,98
187,"GDEROEP","",23/05/06,,105
187,"GDEROEP","",23/05/06,,117
187,"GDEROEP","",23/05/06,,122
187,"GDEROEP","",23/05/06,,123
187,"GDEROEP","",23/05/06,,124
187,"GDEROEP","",23/05/06,,126
187,"GDEROEP","",23/05/06,,132
187,"GDEROEP","",23/05/06,,140
187,"GDEROEP","",23/05/06,,150
187,"GDEROEP","",23/05/06,,160
187,"GDEROEP","",23/05/06,,170
187,"GDEROEP","",23/05/06,,171
187,"GDEROEP","",23/05/06,,175
187,"GDEROEP","",23/05/06,,176
187,"GDEROEP","",23/05/06,,182
187,"GDEROEP","",23/05/06,,189
187,"GDEROEP","",23/05/06,,190
187,"GDEROEP","",23/05/06,,195
187,"GDEROEP","",23/05/06,,203
187,"GDEROEP","",23/05/06,,204
187,"GDEROEP","",23/05/06,,215
187,"GDEROEP","",23/05/06,,220
187,"GDEROEP","",23/05/06,,222
190,"GDEROEP","",23/05/06,,220
190,"GDEROEP","",23/05/06,,222
282,"GDEROEP","",23/05/06,,73
282,"GDEROEP","",23/05/06,,150
241,"GDEROEP","",25/07/06,,81
241,"GDEROEP","",25/07/06,,21
241,"GDEROEP","",25/07/06,,195
241,"GDEROEP","",25/07/06,,72
241,"GDEROEP","",25/07/06,,73
241,"GDEROEP","",25/07/06,,84
241,"GDEROEP","",25/07/06,,97
241,"GDEROEP","",25/07/06,,105
241,"GDEROEP","",25/07/06,,170
241,"GDEROEP","",25/07/06,,56
241,"GDEROEP","",25/07/06,,222
223,"GDEROEP","",13/08/09,,53
418,"GDEROEP","",13/08/09,,160
417,"PGERARD","",24/07/08,,73
417,"PGERARD","",24/07/08,,84
417,"PGERARD","",24/07/08,,97
417,"PGERARD","",24/07/08,,103
417,"PGERARD","",24/07/08,,98
417,"PGERARD","",24/07/08,,104
417,"PGERARD","",24/07/08,,105
417,"PGERARD","",24/07/08,,117
417,"PGERARD","",24/07/08,,123
417,"PGERARD","",24/07/08,,124
417,"PGERARD","",24/07/08,,160
417,"PGERARD","",24/07/08,,150
417,"PGERARD","",24/07/08,,170
417,"PGERARD","",24/07/08,,171
417,"PGERARD","",24/07/08,,56
417,"PGERARD","",24/07/08,,175
417,"PGERARD","",24/07/08,,222
417,"PGERARD","",24/07/08,,189
417,"PGERARD","",24/07/08,,190
417,"PGERARD","",24/07/08,,203
417,"PGERARD","",24/07/08,,204
417,"PGERARD","",24/07/08,,215
223,"GDEROEP","",13/08/09,,124
223,"GDEROEP","",13/08/09,,14
223,"GDEROEP","",13/08/09,,175
223,"GDEROEP","",13/08/09,,189
223,"GDEROEP","",13/08/09,,56
223,"GDEROEP","",13/08/09,,203
193,"GDEROEP","",23/05/06,,2
193,"GDEROEP","",23/05/06,,5
193,"GDEROEP","",23/05/06,,11
193,"GDEROEP","",23/05/06,,14
193,"GDEROEP","",23/05/06,,15
193,"GDEROEP","",23/05/06,,21
193,"GDEROEP","",23/05/06,,33
193,"GDEROEP","",23/05/06,,53
193,"GDEROEP","",23/05/06,,55
193,"GDEROEP","",23/05/06,,56
193,"GDEROEP","",23/05/06,,57
193,"GDEROEP","",23/05/06,,67
193,"GDEROEP","",23/05/06,,72
193,"GDEROEP","",23/05/06,,73
193,"GDEROEP","",23/05/06,,80
193,"GDEROEP","",23/05/06,,81
193,"GDEROEP","",23/05/06,,84
193,"GDEROEP","",23/05/06,,97
193,"GDEROEP","",23/05/06,,98
193,"GDEROEP","",23/05/06,,103
193,"GDEROEP","",23/05/06,,105
193,"GDEROEP","",23/05/06,,117
193,"GDEROEP","",23/05/06,,122
193,"GDEROEP","",23/05/06,,123
193,"GDEROEP","",23/05/06,,124
193,"GDEROEP","",23/05/06,,126
193,"GDEROEP","",23/05/06,,132
193,"GDEROEP","",23/05/06,,140
193,"GDEROEP","",23/05/06,,150
193,"GDEROEP","",23/05/06,,160
193,"GDEROEP","",23/05/06,,170
193,"GDEROEP","",23/05/06,,171
193,"GDEROEP","",23/05/06,,175
193,"GDEROEP","",23/05/06,,176
193,"GDEROEP","",23/05/06,,182
193,"GDEROEP","",23/05/06,,189
193,"GDEROEP","",23/05/06,,190
193,"GDEROEP","",23/05/06,,195
193,"GDEROEP","",23/05/06,,203
193,"GDEROEP","",23/05/06,,204
193,"GDEROEP","",23/05/06,,215
193,"GDEROEP","",23/05/06,,220
193,"GDEROEP","",23/05/06,,222
282,"GDEROEP","",23/05/06,,21
223,"GDEROEP","",13/08/09,,204
227,"GDEROEP","",13/08/09,,13
227,"GDEROEP","",13/08/09,,21
227,"GDEROEP","",13/08/09,,38
227,"GDEROEP","",13/08/09,,43
227,"GDEROEP","",13/08/09,,57
227,"GDEROEP","",13/08/09,,72
227,"GDEROEP","",13/08/09,,73
227,"GDEROEP","",13/08/09,,84
227,"GDEROEP","",13/08/09,,97
227,"GDEROEP","",13/08/09,,103
227,"GDEROEP","",13/08/09,,105
227,"GDEROEP","",13/08/09,,107
227,"GDEROEP","",13/08/09,,117
227,"GDEROEP","",13/08/09,,123
227,"GDEROEP","",13/08/09,,138
227,"GDEROEP","",13/08/09,,153
227,"GDEROEP","",13/08/09,,160
227,"GDEROEP","",13/08/09,,14
227,"GDEROEP","",13/08/09,,170
227,"GDEROEP","",13/08/09,,171
227,"GDEROEP","",13/08/09,,175
227,"GDEROEP","",13/08/09,,189
227,"GDEROEP","",13/08/09,,190
227,"GDEROEP","",13/08/09,,195
227,"GDEROEP","",13/08/09,,56
227,"GDEROEP","",13/08/09,,215
227,"GDEROEP","",13/08/09,,222
227,"GDEROEP","",13/08/09,,223
418,"GDEROEP","",13/08/09,,153
418,"GDEROEP","",13/08/09,,150
418,"GDEROEP","",13/08/09,,170
418,"GDEROEP","",13/08/09,,171
418,"GDEROEP","",13/08/09,,56
298,"PGERARD","",24/07/08,,21
298,"PGERARD","",24/07/08,,124
298,"PGERARD","",24/07/08,,150
420,"GDEROEP","",30/07/08,,2
420,"GDEROEP","",30/07/08,,5
420,"GDEROEP","",30/07/08,,11
420,"GDEROEP","",30/07/08,,15
420,"GDEROEP","",30/07/08,,21
420,"GDEROEP","",30/07/08,,27
420,"GDEROEP","",30/07/08,,33
420,"GDEROEP","",30/07/08,,55
420,"GDEROEP","",30/07/08,,57
420,"GDEROEP","",30/07/08,,81
420,"GDEROEP","",30/07/08,,67
420,"GDEROEP","",30/07/08,,72
420,"GDEROEP","",30/07/08,,73
420,"GDEROEP","",30/07/08,,80
420,"GDEROEP","",30/07/08,,84
420,"GDEROEP","",30/07/08,,97
420,"GDEROEP","",30/07/08,,103
420,"GDEROEP","",30/07/08,,98
420,"GDEROEP","",30/07/08,,105
420,"GDEROEP","",30/07/08,,53
420,"GDEROEP","",30/07/08,,117
420,"GDEROEP","",30/07/08,,122
420,"GDEROEP","",30/07/08,,123
420,"GDEROEP","",30/07/08,,124
420,"GDEROEP","",30/07/08,,126
420,"GDEROEP","",30/07/08,,132
420,"GDEROEP","",30/07/08,,140
420,"GDEROEP","",30/07/08,,141
420,"GDEROEP","",30/07/08,,387
420,"GDEROEP","",30/07/08,,150
420,"GDEROEP","",30/07/08,,160
420,"GDEROEP","",30/07/08,,220
420,"GDEROEP","",30/07/08,,14
420,"GDEROEP","",30/07/08,,170
420,"GDEROEP","",30/07/08,,171
420,"GDEROEP","",30/07/08,,175
420,"GDEROEP","",30/07/08,,176
420,"GDEROEP","",30/07/08,,182
420,"GDEROEP","",30/07/08,,189
418,"GDEROEP","",13/08/09,,175
418,"GDEROEP","",13/08/09,,176
418,"GDEROEP","",13/08/09,,236
418,"GDEROEP","",13/08/09,,189
418,"GDEROEP","",13/08/09,,190
418,"GDEROEP","",13/08/09,,203
418,"GDEROEP","",13/08/09,,204
418,"GDEROEP","",13/08/09,,214
418,"GDEROEP","",13/08/09,,220
418,"GDEROEP","",13/08/09,,230
223,"GDEROEP","",13/08/09,,21
223,"GDEROEP","",13/08/09,,33
223,"GDEROEP","",13/08/09,,57
223,"GDEROEP","",13/08/09,,81
223,"GDEROEP","",13/08/09,,72
223,"GDEROEP","",13/08/09,,73
223,"GDEROEP","",13/08/09,,97
223,"GDEROEP","",13/08/09,,105
420,"GDEROEP","",30/07/08,,190
420,"GDEROEP","",30/07/08,,195
420,"GDEROEP","",30/07/08,,56
419,"GDEROEP","",31/07/08,,21
419,"GDEROEP","",31/07/08,,124
227,"GDEROEP","",13/08/09,,203
420,"GDEROEP","",30/07/08,,215
420,"GDEROEP","",30/07/08,,222
420,"GDEROEP","",30/07/08,,203
420,"GDEROEP","",30/07/08,,204
472,"PGERARD","",17/01/12,,144
467,"GDEROEP","",17/01/12,,49
261,"GDEROEP","",17/01/12,,55
153,"PGERARD","",18/11/11,,170
261,"GDEROEP","",17/01/12,,190
450,"GDEROEP","",17/01/12,,21
450,"GDEROEP","",17/01/12,,124
450,"GDEROEP","",17/01/12,,150
206,"PGERARD","",13/02/12,,21
206,"PGERARD","",13/02/12,,124
206,"PGERARD","",13/02/12,,150
419,"GDEROEP","",31/07/08,,150
227,"GDEROEP","",13/08/09,,204
463,"GDEROEP","",23/09/11,,21
423,"GDEROEP","",31/07/08,,2
423,"GDEROEP","",31/07/08,,5
423,"GDEROEP","",31/07/08,,11
423,"GDEROEP","",31/07/08,,15
423,"GDEROEP","",31/07/08,,21
423,"GDEROEP","",31/07/08,,33
423,"GDEROEP","",31/07/08,,55
423,"GDEROEP","",31/07/08,,57
423,"GDEROEP","",31/07/08,,81
423,"GDEROEP","",31/07/08,,67
423,"GDEROEP","",31/07/08,,72
423,"GDEROEP","",31/07/08,,73
424,"GDEROEP","",30/07/08,,222
424,"GDEROEP","",30/07/08,,203
424,"GDEROEP","",30/07/08,,195
424,"GDEROEP","",30/07/08,,56
233,"PGERARD","",05/07/04,,21
233,"PGERARD","",05/07/04,,195
233,"PGERARD","",05/07/04,,73
424,"GDEROEP","",30/07/08,,215
424,"GDEROEP","",30/07/08,,204
423,"GDEROEP","",31/07/08,,80
423,"GDEROEP","",31/07/08,,84
423,"GDEROEP","",31/07/08,,97
423,"GDEROEP","",31/07/08,,103
423,"GDEROEP","",31/07/08,,98
423,"GDEROEP","",31/07/08,,105
423,"GDEROEP","",31/07/08,,53
423,"GDEROEP","",31/07/08,,117
423,"GDEROEP","",31/07/08,,122
423,"GDEROEP","",31/07/08,,123
423,"GDEROEP","",31/07/08,,124
423,"GDEROEP","",31/07/08,,126
423,"GDEROEP","",31/07/08,,140
423,"GDEROEP","",31/07/08,,141
423,"GDEROEP","",31/07/08,,387
423,"GDEROEP","",31/07/08,,150
423,"GDEROEP","",31/07/08,,160
423,"GDEROEP","",31/07/08,,220
423,"GDEROEP","",31/07/08,,14
423,"GDEROEP","",31/07/08,,170
423,"GDEROEP","",31/07/08,,171
423,"GDEROEP","",31/07/08,,175
423,"GDEROEP","",31/07/08,,176
423,"GDEROEP","",31/07/08,,182
423,"GDEROEP","",31/07/08,,236
423,"GDEROEP","",31/07/08,,189
423,"GDEROEP","",31/07/08,,190
423,"GDEROEP","",31/07/08,,195
423,"GDEROEP","",31/07/08,,56
423,"GDEROEP","",31/07/08,,215
423,"GDEROEP","",31/07/08,,222
423,"GDEROEP","",31/07/08,,203
423,"GDEROEP","",31/07/08,,204
422,"GDEROEP","",30/07/08,,2
422,"GDEROEP","",30/07/08,,5
422,"GDEROEP","",30/07/08,,11
422,"GDEROEP","",30/07/08,,21
422,"GDEROEP","",30/07/08,,27
422,"GDEROEP","",30/07/08,,33
422,"GDEROEP","",30/07/08,,55
422,"GDEROEP","",30/07/08,,57
422,"GDEROEP","",30/07/08,,81
422,"GDEROEP","",30/07/08,,67
422,"GDEROEP","",30/07/08,,72
422,"GDEROEP","",30/07/08,,73
422,"GDEROEP","",30/07/08,,80
422,"GDEROEP","",30/07/08,,84
422,"GDEROEP","",30/07/08,,97
422,"GDEROEP","",30/07/08,,103
422,"GDEROEP","",30/07/08,,98
422,"GDEROEP","",30/07/08,,105
422,"GDEROEP","",30/07/08,,53
422,"GDEROEP","",30/07/08,,117
422,"GDEROEP","",30/07/08,,122
422,"GDEROEP","",30/07/08,,123
422,"GDEROEP","",30/07/08,,124
422,"GDEROEP","",30/07/08,,126
422,"GDEROEP","",30/07/08,,132
422,"GDEROEP","",30/07/08,,140
422,"GDEROEP","",30/07/08,,387
422,"GDEROEP","",30/07/08,,150
422,"GDEROEP","",30/07/08,,160
422,"GDEROEP","",30/07/08,,220
422,"GDEROEP","",30/07/08,,14
422,"GDEROEP","",30/07/08,,170
422,"GDEROEP","",30/07/08,,171
422,"GDEROEP","",30/07/08,,175
422,"GDEROEP","",30/07/08,,176
422,"GDEROEP","",30/07/08,,182
422,"GDEROEP","",30/07/08,,236
422,"GDEROEP","",30/07/08,,189
422,"GDEROEP","",30/07/08,,190
422,"GDEROEP","",30/07/08,,195
422,"GDEROEP","",30/07/08,,56
422,"GDEROEP","",30/07/08,,215
422,"GDEROEP","",30/07/08,,222
422,"GDEROEP","",30/07/08,,203
422,"GDEROEP","",30/07/08,,204
283,"PGERARD","",02/02/05,,81
283,"PGERARD","",02/02/05,,21
283,"PGERARD","",02/02/05,,73
283,"PGERARD","",02/02/05,,103
283,"PGERARD","",02/02/05,,124
283,"PGERARD","",02/02/05,,150
283,"PGERARD","",02/02/05,,222
421,"GDEROEP","",30/07/08,,2
421,"GDEROEP","",30/07/08,,5
421,"GDEROEP","",30/07/08,,11
421,"GDEROEP","",30/07/08,,21
194,"PGERARD","",07/07/04,,2
194,"PGERARD","",07/07/04,,81
194,"PGERARD","",07/07/04,,5
194,"PGERARD","",07/07/04,,11
194,"PGERARD","",07/07/04,,14
194,"PGERARD","",07/07/04,,15
194,"PGERARD","",07/07/04,,21
194,"PGERARD","",07/07/04,,33
194,"PGERARD","",07/07/04,,55
194,"PGERARD","",07/07/04,,53
194,"PGERARD","",07/07/04,,195
421,"GDEROEP","",30/07/08,,27
421,"GDEROEP","",30/07/08,,33
421,"GDEROEP","",30/07/08,,55
421,"GDEROEP","",30/07/08,,57
421,"GDEROEP","",30/07/08,,81
421,"GDEROEP","",30/07/08,,67
421,"GDEROEP","",30/07/08,,72
421,"GDEROEP","",30/07/08,,73
421,"GDEROEP","",30/07/08,,80
421,"GDEROEP","",30/07/08,,84
421,"GDEROEP","",30/07/08,,97
421,"GDEROEP","",30/07/08,,103
421,"GDEROEP","",30/07/08,,98
421,"GDEROEP","",30/07/08,,105
421,"GDEROEP","",30/07/08,,53
421,"GDEROEP","",30/07/08,,117
421,"GDEROEP","",30/07/08,,122
421,"GDEROEP","",30/07/08,,123
421,"GDEROEP","",30/07/08,,124
421,"GDEROEP","",30/07/08,,126
421,"GDEROEP","",30/07/08,,132
421,"GDEROEP","",30/07/08,,140
421,"GDEROEP","",30/07/08,,141
421,"GDEROEP","",30/07/08,,387
421,"GDEROEP","",30/07/08,,150
421,"GDEROEP","",30/07/08,,160
421,"GDEROEP","",30/07/08,,220
421,"GDEROEP","",30/07/08,,14
421,"GDEROEP","",30/07/08,,170
421,"GDEROEP","",30/07/08,,171
421,"GDEROEP","",30/07/08,,175
421,"GDEROEP","",30/07/08,,176
421,"GDEROEP","",30/07/08,,182
421,"GDEROEP","",30/07/08,,236
421,"GDEROEP","",30/07/08,,189
421,"GDEROEP","",30/07/08,,190
421,"GDEROEP","",30/07/08,,195
421,"GDEROEP","",30/07/08,,56
421,"GDEROEP","",30/07/08,,215
421,"GDEROEP","",30/07/08,,222
421,"GDEROEP","",30/07/08,,203
421,"GDEROEP","",30/07/08,,204
194,"PGERARD","",07/07/04,,67
194,"PGERARD","",07/07/04,,72
194,"PGERARD","",07/07/04,,73
194,"PGERARD","",07/07/04,,80
194,"PGERARD","",07/07/04,,82
194,"PGERARD","",07/07/04,,84
194,"PGERARD","",07/07/04,,97
194,"PGERARD","",07/07/04,,103
194,"PGERARD","",07/07/04,,98
194,"PGERARD","",07/07/04,,105
194,"PGERARD","",07/07/04,,117
194,"PGERARD","",07/07/04,,122
194,"PGERARD","",07/07/04,,123
194,"PGERARD","",07/07/04,,124
194,"PGERARD","",07/07/04,,126
194,"PGERARD","",07/07/04,,132
194,"PGERARD","",07/07/04,,140
194,"PGERARD","",07/07/04,,160
194,"PGERARD","",07/07/04,,150
194,"PGERARD","",07/07/04,,170
194,"PGERARD","",07/07/04,,171
194,"PGERARD","",07/07/04,,56
194,"PGERARD","",07/07/04,,175
194,"PGERARD","",07/07/04,,222
194,"PGERARD","",07/07/04,,176
194,"PGERARD","",07/07/04,,182
194,"PGERARD","",07/07/04,,189
194,"PGERARD","",07/07/04,,190
194,"PGERARD","",07/07/04,,203
194,"PGERARD","",07/07/04,,204
194,"PGERARD","",07/07/04,,215
194,"PGERARD","",07/07/04,,220
425,"GDEROEP","",29/07/08,,2
425,"GDEROEP","",29/07/08,,21
425,"GDEROEP","",29/07/08,,27
425,"GDEROEP","",29/07/08,,33
425,"GDEROEP","",29/07/08,,55
425,"GDEROEP","",29/07/08,,57
425,"GDEROEP","",29/07/08,,81
425,"GDEROEP","",29/07/08,,67
425,"GDEROEP","",29/07/08,,72
425,"GDEROEP","",29/07/08,,73
425,"GDEROEP","",29/07/08,,84
425,"GDEROEP","",29/07/08,,97
425,"GDEROEP","",29/07/08,,103
425,"GDEROEP","",29/07/08,,98
425,"GDEROEP","",29/07/08,,104
425,"GDEROEP","",29/07/08,,105
425,"GDEROEP","",29/07/08,,117
425,"GDEROEP","",29/07/08,,123
425,"GDEROEP","",29/07/08,,124
425,"GDEROEP","",29/07/08,,126
425,"GDEROEP","",29/07/08,,132
425,"GDEROEP","",29/07/08,,387
425,"GDEROEP","",29/07/08,,150
425,"GDEROEP","",29/07/08,,160
425,"GDEROEP","",29/07/08,,220
416,"GDEROEP","",01/08/08,,2
425,"GDEROEP","",29/07/08,,14
425,"GDEROEP","",29/07/08,,170
425,"GDEROEP","",29/07/08,,171
427,"PGERARD","",11/08/08,,81
427,"PGERARD","",11/08/08,,14
427,"PGERARD","",11/08/08,,21
427,"PGERARD","",11/08/08,,27
427,"PGERARD","",11/08/08,,33
427,"PGERARD","",11/08/08,,55
427,"PGERARD","",11/08/08,,53
427,"PGERARD","",11/08/08,,57
427,"PGERARD","",11/08/08,,195
427,"PGERARD","",11/08/08,,67
427,"PGERARD","",11/08/08,,72
427,"PGERARD","",11/08/08,,73
427,"PGERARD","",11/08/08,,84
427,"PGERARD","",11/08/08,,97
427,"PGERARD","",11/08/08,,103
427,"PGERARD","",11/08/08,,98
427,"PGERARD","",11/08/08,,105
427,"PGERARD","",11/08/08,,117
427,"PGERARD","",11/08/08,,123
427,"PGERARD","",11/08/08,,124
427,"PGERARD","",11/08/08,,132
427,"PGERARD","",11/08/08,,160
427,"PGERARD","",11/08/08,,150
427,"PGERARD","",11/08/08,,170
427,"PGERARD","",11/08/08,,171
427,"PGERARD","",11/08/08,,56
427,"PGERARD","",11/08/08,,175
426,"GDEROEP","",01/08/08,,21
426,"GDEROEP","",01/08/08,,55
416,"GDEROEP","",01/08/08,,33
301,"PGERARD","",28/07/08,,21
301,"PGERARD","",28/07/08,,124
301,"PGERARD","",28/07/08,,150
425,"GDEROEP","",29/07/08,,175
425,"GDEROEP","",29/07/08,,236
425,"GDEROEP","",29/07/08,,189
425,"GDEROEP","",29/07/08,,190
425,"GDEROEP","",29/07/08,,195
425,"GDEROEP","",29/07/08,,56
425,"GDEROEP","",29/07/08,,222
425,"GDEROEP","",29/07/08,,203
425,"GDEROEP","",29/07/08,,204
416,"GDEROEP","",01/08/08,,55
416,"GDEROEP","",01/08/08,,57
416,"GDEROEP","",01/08/08,,81
416,"GDEROEP","",01/08/08,,67
416,"GDEROEP","",01/08/08,,72
416,"GDEROEP","",01/08/08,,73
416,"GDEROEP","",01/08/08,,84
416,"GDEROEP","",01/08/08,,97
416,"GDEROEP","",01/08/08,,98
416,"GDEROEP","",01/08/08,,104
416,"GDEROEP","",01/08/08,,105
416,"GDEROEP","",01/08/08,,53
416,"GDEROEP","",01/08/08,,123
416,"GDEROEP","",01/08/08,,124
416,"GDEROEP","",01/08/08,,126
416,"GDEROEP","",01/08/08,,132
427,"PGERARD","",11/08/08,,222
416,"GDEROEP","",01/08/08,,144
416,"GDEROEP","",01/08/08,,141
416,"GDEROEP","",01/08/08,,150
416,"GDEROEP","",01/08/08,,160
416,"GDEROEP","",01/08/08,,14
416,"GDEROEP","",01/08/08,,170
416,"GDEROEP","",01/08/08,,171
416,"GDEROEP","",01/08/08,,175
416,"GDEROEP","",01/08/08,,176
416,"GDEROEP","",01/08/08,,182
416,"GDEROEP","",01/08/08,,236
416,"GDEROEP","",01/08/08,,189
416,"GDEROEP","",01/08/08,,190
416,"GDEROEP","",01/08/08,,56
416,"GDEROEP","",01/08/08,,215
416,"GDEROEP","",01/08/08,,222
416,"GDEROEP","",01/08/08,,203
416,"GDEROEP","",01/08/08,,204
426,"GDEROEP","",01/08/08,,57
426,"GDEROEP","",01/08/08,,81
426,"GDEROEP","",01/08/08,,67
426,"GDEROEP","",01/08/08,,72
426,"GDEROEP","",01/08/08,,73
426,"GDEROEP","",01/08/08,,84
426,"GDEROEP","",01/08/08,,97
426,"GDEROEP","",01/08/08,,103
426,"GDEROEP","",01/08/08,,98
426,"GDEROEP","",01/08/08,,104
426,"GDEROEP","",01/08/08,,105
426,"GDEROEP","",01/08/08,,53
426,"GDEROEP","",01/08/08,,117
426,"GDEROEP","",01/08/08,,123
426,"GDEROEP","",01/08/08,,124
426,"GDEROEP","",01/08/08,,150
426,"GDEROEP","",01/08/08,,160
426,"GDEROEP","",01/08/08,,14
426,"GDEROEP","",01/08/08,,170
426,"GDEROEP","",01/08/08,,171
426,"GDEROEP","",01/08/08,,175
426,"GDEROEP","",01/08/08,,189
426,"GDEROEP","",01/08/08,,195
426,"GDEROEP","",01/08/08,,56
426,"GDEROEP","",01/08/08,,215
426,"GDEROEP","",01/08/08,,222
426,"GDEROEP","",01/08/08,,203
426,"GDEROEP","",01/08/08,,204
427,"PGERARD","",11/08/08,,189
427,"PGERARD","",11/08/08,,190
427,"PGERARD","",11/08/08,,203
427,"PGERARD","",11/08/08,,204
427,"PGERARD","",11/08/08,,215
152,"PGERARD","",13/01/09,,124
143,"PGERARD","",13/01/09,,73
296,"PGERARD","",13/01/09,,123
142,"PGERARD","",13/01/09,,54
157,"PGERARD","",13/01/09,,38
160,"PGERARD","",13/01/09,,44
297,"GDEROEP","",01/08/05,,44
402,"GDEROEP","",21/01/08,,81
402,"GDEROEP","",21/01/08,,14
402,"GDEROEP","",21/01/08,,33
402,"GDEROEP","",21/01/08,,55
402,"GDEROEP","",21/01/08,,57
289,"GDEROEP","",17/06/05,,14
402,"GDEROEP","",21/01/08,,195
402,"GDEROEP","",21/01/08,,67
402,"GDEROEP","",21/01/08,,72
402,"GDEROEP","",21/01/08,,73
402,"GDEROEP","",21/01/08,,84
402,"GDEROEP","",21/01/08,,97
402,"GDEROEP","",21/01/08,,103
402,"GDEROEP","",21/01/08,,98
402,"GDEROEP","",21/01/08,,105
402,"GDEROEP","",21/01/08,,117
402,"GDEROEP","",21/01/08,,123
402,"GDEROEP","",21/01/08,,132
402,"GDEROEP","",21/01/08,,160
402,"GDEROEP","",21/01/08,,150
402,"GDEROEP","",21/01/08,,170
402,"GDEROEP","",21/01/08,,171
402,"GDEROEP","",21/01/08,,56
402,"GDEROEP","",21/01/08,,175
402,"GDEROEP","",21/01/08,,222
402,"GDEROEP","",21/01/08,,189
402,"GDEROEP","",21/01/08,,190
402,"GDEROEP","",21/01/08,,203
402,"GDEROEP","",21/01/08,,204
402,"GDEROEP","",21/01/08,,215
