"REG_ID","REG_DATECREATION","REG_USERCREATION","REG_USERUPDATE","REG_NAMEFR","REG_NAMEDU","REG_NAMEEN","REG_DATEUPDATE","REG_CTR_ID"
59,20/04/04,"KATRINA","","HUNEDOARA","HUNEDOARA","HUNEDOARA",,175
60,20/04/04,"KATRINA","","IALOMITA","IALOMITA","IALOMITA",,175
61,20/04/04,"KATRINA","","IASI","IASI","IASI",,175
62,20/04/04,"KATRINA","","MARAMURES","MARAMURES","MARAMURES",,175
63,20/04/04,"KATRINA","","MEHEDINTI","MEHEDINTI","MEHEDINTI",,175
64,20/04/04,"KATRINA","","MURES","MURES","MURES",,175
65,20/04/04,"KATRINA","","OLT","OLT","OLT",,175
66,20/04/04,"KATRINA","","PRAHOVA ","PRAHOVA ","PRAHOVA ",,175
74,20/04/04,"KATRINA","","SALAJ","SALAJ","SALAJ",,175
75,20/04/04,"KATRINA","","SATU MARE","SATU MARE","SATU MARE",,175
76,20/04/04,"KATRINA","","SIBIU","SIBIU","SIBIU",,175
77,20/04/04,"KATRINA","","TELEORMAN","TELEORMAN","TELEORMAN",,175
78,20/04/04,"KATRINA","","TIMIS","TIMIS","TIMIS",,175
79,20/04/04,"KATRINA","","TULCEA","TULCEA","TULCEA",,175
80,20/04/04,"KATRINA","","VALCEA","VALCEA","VALCEA",,175
81,20/04/04,"KATRINA","","VASLUI ","VASLUI ","VASLUI ",,175
82,20/04/04,"KATRINA","PGERARD","KARELIE","KARELIA","KARELIA",10/05/04,176
83,20/04/04,"KATRINA","","TATARSTAN","TATARSTAN","TATARSTAN",,176
85,20/04/04,"KATRINA","GDEROEP","BALES-CAMPAGNE","BASEL-LANDSCHAFT","BASLE-COUNTRY",16/07/04,204
86,20/04/04,"KATRINA","GDEROEP","BALE-VILLE","BASEL-STAD","BASLE-CITY",16/07/04,204
87,20/04/04,"KATRINA","GDEROEP","BERN","BERN","BERNE",16/07/04,204
88,20/04/04,"KATRINA","GDEROEP","FRIBOURG","FREIBURG","FRIBOURG",16/07/04,204
89,20/04/04,"KATRINA","GDEROEP","GENEVE","GENEVE","GENEVA",16/07/04,204
90,20/04/04,"KATRINA","GDEROEP","GRISONS (GRAUBUNDEN)","GRAUBUNDEN","GRISONS (GRAUBUNDEN)",16/07/04,204
91,20/04/04,"KATRINA","","JURA","JURA","JURA",,204
92,20/04/04,"KATRINA","GDEROEP","LUCERNE","LUZERN","LUCERNE",16/07/04,204
93,20/04/04,"KATRINA","PGERARD","NEUCHATEL","NEUCHATEL","NEUCHATEL",10/05/04,204
94,20/04/04,"KATRINA","GDEROEP","NIDWALD","NIDWALDEN","NIDWALD",16/07/04,204
95,20/04/04,"KATRINA","GDEROEP","OBWALD","OBWALDEN","OBWALD",16/07/04,204
96,20/04/04,"KATRINA","GDEROEP","SCHWY(T)Z","SCHWYZ","SCHWYZ",16/07/04,204
97,20/04/04,"KATRINA","GDEROEP","SOLEURE","SOLOTHURN","SOLOTHURN",16/07/04,204
98,20/04/04,"KATRINA","GDEROEP","SAINT- GALL","ST. GALLEN","ST. GALL",16/07/04,204
99,20/04/04,"KATRINA","GDEROEP","THURGOVIE","THURGAU","THURGOVIA",16/07/04,204
100,20/04/04,"KATRINA","GDEROEP","TESSIN (TICINO)","TESSIN (TICINO)","TICINO",16/07/04,204
101,20/04/04,"KATRINA","","URI","URI","URI",,204
102,20/04/04,"KATRINA","GDEROEP","VALAIS","WALLIS","VALAIS",06/07/04,204
103,20/04/04,"KATRINA","GDEROEP","VAUD","VAUD","VAUD",16/07/04,204
104,20/04/04,"KATRINA","PGERARD","ZURICH","ZURICH","ZURICH",10/05/04,204
105,20/04/04,"KATRINA","GDEROEP","ZOUG","ZUG","ZUG",16/07/04,204
106,20/04/04,"KATRINA","","VOJVODINA ","VOJVODINA ","VOJVODINA ",,236
110,20/04/04,"KATRINA","GDEROEP","CARELIE DU SUD (ETELA-KARJALA)","ZUID-KARELIE (ETELA-KARJALA)","SOUTH CARELIA (ETELA-KARJALA)",19/07/04,72
111,20/04/04,"KATRINA","GDEROEP","OSTROBOTNIE DU SUD (ETELA-POHJANMAA)","ETELA-POHJANMAA","SOUTH OSTROBOTHNIA (ETELA-POHJANMAA)",19/07/04,72
112,20/04/04,"KATRINA","PGERARD","HAME","HAME","HAME",10/05/04,72
113,20/04/04,"KATRINA","GDEROEP","FINLANDE CENTRALE (KESKI-SUOMI)","CENTRAAL FINLAND (KESKI-SUOMI)","CENTRAL FINLAND (KESKI-SUOMI)",19/07/04,72
114,20/04/04,"KATRINA","GDEROEP","LAPONIE (LAPPI)","LAPLAND (LAPPI)","LAPLAND (LAPPI)",19/07/04,72
115,20/04/04,"KATRINA","GDEROEP","PIRKANMAA (REGION DE TAMPERE)","PIRKANMAA (TAMPERE REGIO)","PIRKANMAA (TAMPERE REGION)",19/07/04,72
116,20/04/04,"KATRINA","GDEROEP","OSTROBOTNIE (POHJANMAA)","POHJANMAA","OSTROBOTHNIA (POHJANMAA)",19/07/04,72
117,20/04/04,"KATRINA","GDEROEP","CARELIE DU NORD (POHJOIS-KARJALA)","NOORD-KARELIÊ (POHJOIS-KARJALA)","NORTH CARELIA (POHJOIS-KARJALA)",19/07/04,72
118,20/04/04,"KATRINA","GDEROEP","OSTROBOTNIE DU NORD (POHJOIS-POHJANMAA)","POHJOIS-POHJANMAA","NORTHERN OSTROBOTHNIA (POHJOIS-POHJANMAA)",19/07/04,72
458,20/04/04,"KATRINA","GDEROEP","BUDAPEST (DISTRICT)","BOEDAPEST (DISTRICT)","BUDAPEST (DISTRICT)",08/03/05,97
459,20/04/04,"KATRINA","GDEROEP","BERLIN","BERLIJN","BERLIN",06/05/04,81
460,20/04/04,"KATRINA","GDEROEP","ATTIKI","ATTIKA","ATTICA",16/07/04,84
462,20/04/04,"KATRINA","","REYKJAVIK","REYKJAVIK","REYKJAVIK",,98
465,20/04/04,"KATRINA","GDEROEP","LISBOA E VALE DO TEJO","LISBOA E VALE DO TEJO (LISSABON EN TAAG VALLEI)","LISBOA E VALE DO TEJO (LISBON AND TAGUS VALLEY)",07/07/04,171
466,20/04/04,"KATRINA","GDEROEP","BUCHAREST","BOEKAREST","BUCHAREST",30/06/04,175
467,20/04/04,"KATRINA","GDEROEP","LENINGRAD (PROVINCE)","LENINGRAD (PROVINCIE)","LENINGRAD (PROVINCE)",25/06/12,176
468,20/04/04,"KATRINA","","BRATISLAVA","BRATISLAVA","BRATISLAVA",,189
472,20/04/04,"KATRINA","","STOCKHOLM","STOCKHOLM","STOCKHOLM",,203
473,20/04/04,"KATRINA","","KYJIVSKA","KYJIVSKA","KYJIVSKA",,220
474,20/04/04,"KATRINA","GDEROEP","IRLANDE DU NORD","NOORD-IERLAND","NORTHERN IRELAND",09/07/04,222
476,20/04/04,"KATRINA","GDEROEP","PAYS DE GALLES","WALES","WALES",06/05/04,222
477,20/04/04,"KATRINA","GDEROEP","ECOSSE","SCHOTLAND","SCOTLAND",07/05/04,222
485,20/04/04,"KATRINA","GDEROEP","MACEDOINE CENTRALE (KENTIKI MAKEDONIA)","CENTRAAL MACEDONIE (KENTIKI MAKEDONIA)","CENTRAL MACEDONIA (KENTIKI MAKEDONIA)",16/07/04,84
521,20/04/04,"KATRINA","GDEROEP","BEKES (DISTRICT)","BEKES (DISTRICT)","BEKES (DISTRICT)",08/03/05,97
487,20/04/04,"KATRINA","","BRABANT","BRABANT","BRABANT",,150
491,20/04/04,"KATRINA","GDEROEP","SILESIE","SILEZIE (SLASKIE)","SILESIA",08/03/05,170
493,20/04/04,"KATRINA","GDEROEP","LODZKIE","LODZKIE","LODZKIE",07/05/04,170
494,20/04/04,"KATRINA","GDEROEP","ZACHORDNIOPOMORSKIE","WESTPOMMEREN (ZACHORDNIOPOMORSKIE)","ZACHORDNIOPOMORSKIE",08/03/05,170
495,20/04/04,"KATRINA","GDEROEP","ASTURIES","ASTURIE","ASTURIAS",06/07/04,195
496,20/04/04,"KATRINA","GDEROEP","VASTRA GOTALAND (REGION)","VASTRA GOTALAND (REGION)","VASTRA GOTALAND (REGION)",16/07/04,203
497,20/04/04,"KATRINA","","NIZEGORODSKAJA","NIZEGORODSKAJA","NIZEGORODSKAJA",,176
498,20/04/04,"KATRINA","","HESSEN","HESSEN","HESSEN",,81
499,20/04/04,"KATRINA","GDEROEP","RHENANIE-PALATINAT","RIJNLAND-PALTS","RHINELAND-PALATINATE",25/06/12,81
500,20/04/04,"KATRINA","GDEROEP","RHENANIE-DU-NORD-WESTPHALIE","NOORDRIJN-WESTFALEN","NORDRHEIN-WESTFALEN",25/06/12,81
501,20/04/04,"KATRINA","","THURINGEN","THURINGEN","THURINGEN",,81
502,20/04/04,"KATRINA","","RABAT-SALE-ZEMMOUR-ZAER","RABAT-SALE-ZEMMOUR-ZAER","RABAT-SALE-ZEMMOUR-ZAER",,144
508,20/04/04,"KATRINA","PGERARD","BASSE-SAXE","NEDERSAKSEN","NIEDERSACHSEN",18/06/04,81
285,20/04/04,"KATRINA","GDEROEP","HEVES (DISTRICT)","HEVES (DISTRICT)","HEVES (DISTRICT)",08/03/05,97
286,20/04/04,"KATRINA","GDEROEP","JASZ-NAGYKUN-SZOLNOK (DISTRICT)","JASZ-NAGYKUN-SZOLNOK (DISTRICT)","JASZ-NAGYKUN-SZOLNOK (DISTRICT)",08/03/05,97
287,20/04/04,"KATRINA","GDEROEP","KOMAROM-ESZTERGOM (DISTRICT)","KOMAROM-ESZTERGOM (DISTRICT)","KOMAROM-ESZTERGOM (DISTRICT)",08/03/05,97
289,20/04/04,"KATRINA","GDEROEP","PEST (DISTRICT)","PEST (DISTRICT)","PEST (DISTRICT)",08/03/05,97
290,20/04/04,"KATRINA","GDEROEP","SOMOGY (DISTRICT)","SOMOGY (DISTRICT)","SOMOGY (DISTRICT)",08/03/05,97
291,20/04/04,"KATRINA","GDEROEP","SZABOLCS-SZATMAR-BEREG (DISTRICT)","SZABOLCS-SZATMAR-BEREG (DISTRICT)","SZABOLCS-SZATMAR-BEREG (DISTRICT)",08/03/05,97
292,20/04/04,"KATRINA","GDEROEP","TOLNA (DISTRICT)","TOLNA (DISTRICT)","TOLNA (DISTRICT)",08/03/05,97
293,20/04/04,"KATRINA","GDEROEP","VAS (DISTRICT)","VAS (DISTRICT)","VAS (DISTRICT)",08/03/05,97
294,20/04/04,"KATRINA","GDEROEP","VESZPREM (DISTRICT)","VESZPREM (DISTRICT)","VESZPREM (DISTRICT)",08/03/05,97
298,20/04/04,"KATRINA","","ALYTUS","ALYTUS","ALYTUS",,123
300,20/04/04,"KATRINA","","KLAIPEDA","KLAIPEDA","KLAIPEDA",,123
301,20/04/04,"KATRINA","PGERARD","MARIJAMPOLE","MARIJAMPOLE","MARIJAMPOLE",12/05/04,123
302,20/04/04,"KATRINA","","PANEVEZYS","PANEVEZYS","PANEVEZYS",,123
303,20/04/04,"KATRINA","","SIAULILIAI","SIAULILIAI","SIAULILIAI",,123
304,20/04/04,"KATRINA","PGERARD","TAURAGE","TAURAGÉ","TAURAGÉ",18/06/04,123
305,20/04/04,"KATRINA","","TELSIAI","TELSIAI","TELSIAI",,123
306,20/04/04,"KATRINA","","UTENA","UTENA","UTENA",,123
307,20/04/04,"KATRINA","GDEROEP","VILNIUS","VILNIUS","VILNIUS",07/05/04,123
308,20/04/04,"KATRINA","","WASHINGTON DC ","WASHINGTON DC ","WASHINGTON DC ",,223
309,20/04/04,"KATRINA","","BASILICATA","BASILICATA","BASILICATA",,105
310,20/04/04,"KATRINA","GDEROEP","BOLZANO (PROVINCE)","BOLZANO - ZUID-TIROL (PROVINCIE)","BOLZANO - ALTO ADIGE (PROVINCE)",06/08/08,105
311,20/04/04,"KATRINA","GDEROEP","CALABRE","CALABRIE","CALABRIA",06/07/04,105
312,20/04/04,"KATRINA","GDEROEP","CAMPANIE","CAMPANIE","CAMPANIA",06/07/04,105
314,20/04/04,"KATRINA","GDEROEP","EMILIA-ROMAGNA","EMILIA ROMAGNA","EMILIA-ROMAGNA",06/07/04,105
315,20/04/04,"KATRINA","GDEROEP","FRIULI-VENEZIA GIULIA","FRIULI VENEZIA GIULIA","FRIULI-VENEZIA GIULIA",06/07/04,105
316,20/04/04,"KATRINA","GDEROEP","LAZIO","LATIUM (LAZIO)","LAZIO",06/07/04,105
317,20/04/04,"KATRINA","GDEROEP","LIGURIE","LIGURIE","LIGURIA",06/07/04,105
318,20/04/04,"KATRINA","GDEROEP","LOMBARDIE","LOMBARDIJE","LOMBARDIA",07/05/04,105
319,20/04/04,"KATRINA","GDEROEP","MARCHE","MARKEN (MARCHE)","MARCHE",06/07/04,105
320,20/04/04,"KATRINA","","MOLISE","MOLISE","MOLISE",,105
321,20/04/04,"KATRINA","PGERARD","PIEMONT","PIEMONTE","PIEMONTE",30/06/04,105
322,20/04/04,"KATRINA","GDEROEP","POUILLES (LES)","APULIE (PUGLIA)","PUGLIA",06/07/04,105
323,20/04/04,"KATRINA","GDEROEP","SARDAIGNE","SARDINIE (SARDEGNA)","SARDEGNA",06/07/04,105
324,20/04/04,"KATRINA","GDEROEP","SICILIE","SICILIE","SICILIA",22/07/04,105
325,20/04/04,"KATRINA","GDEROEP","TOSCANE","TOSCANE","TOSCANA",06/07/04,105
326,20/04/04,"KATRINA","GDEROEP","TRENTIN-HAUT-ADIGE","TRENTINO- ZUID TIROL (ALTO ADIGE)","TRENTINO-ALTO ADIGE",06/07/04,105
327,20/04/04,"KATRINA","GDEROEP","TRENTIN (PROVINCE DU)","TRENTO (PROVINCIE)","TRENTO (PROVINCE)",07/03/06,105
328,20/04/04,"KATRINA","GDEROEP","OMBRIE","UMBRIE","UMBRIA",06/07/04,105
329,20/04/04,"KATRINA","GDEROEP","VAL D'AOSTE","VALLE D'AOSTA (AOSTA-DAL)","VALLE D'AOSTA",06/07/04,105
330,20/04/04,"KATRINA","GDEROEP","VENETIE","VENETIE (VENETO)","VENETO",06/07/04,105
331,20/04/04,"KATRINA","","BORDER","BORDER","BORDER",,103
332,20/04/04,"KATRINA","","MID EAST","MID EAST","MID EAST",,103
333,20/04/04,"KATRINA","","DUBLIN","DUBLIN","DUBLIN",,103
119,20/04/04,"KATRINA","GDEROEP","SAVONIE DU NORD (POHJOIS-SAVO)","NOORD SAVO (POHJOIS-SAVO)","NORTHERN SAVO (POHJOIS-SAVO)",19/07/04,72
120,20/04/04,"KATRINA","","SATAKUNTA","SATAKUNTA","SATAKUNTA",,72
121,20/04/04,"KATRINA","","UUSIMAA","UUSIMAA","UUSIMAA",,72
122,20/04/04,"KATRINA","GDEROEP","FINLANDE DU SUD-OUEST (VARSINAIS-SUOMI)","ZUID-WEST FINLAND (VARSINAIS-SUOMI)","SOUTH-WEST FINLAND (VARSINAIS-SUOMI)",19/07/04,72
123,20/04/04,"KATRINA","","BLEKINGE","BLEKINGE","BLEKINGE",,203
124,20/04/04,"KATRINA","","DALARNA","DALARNA","DALARNA",,203
125,20/04/04,"KATRINA","PGERARD","GAVLEBORG","GAVLEBORG","GAVLEBORG",10/05/04,203
126,20/04/04,"KATRINA","","HALLAND","HALLAND","HALLAND",,203
127,20/04/04,"KATRINA","PGERARD","JAMTLAND","JAMTLAND","JAMTLAND",10/05/04,203
128,20/04/04,"KATRINA","PGERARD","JONKOPING","JONKOPING","JONKOPING",10/05/04,203
131,20/04/04,"KATRINA","GDEROEP","SKANE (REGION)","SKANE (REGIO)","SKANE (REGION)",16/07/04,203
133,20/04/04,"KATRINA","","UPPSALA","UPPSALA","UPPSALA",,203
134,20/04/04,"KATRINA","PGERARD","VARMLAND","VARMLAND","VARMLAND",10/05/04,203
135,20/04/04,"KATRINA","PGERARD","VASTERBOTTEN","VASTERBOTTEN","VASTERBOTTEN",12/05/04,203
136,20/04/04,"KATRINA","PGERARD","VASTERNORRLAND","VASTERNORRLAND","VASTERNORRLAND",12/05/04,203
137,20/04/04,"KATRINA","PGERARD","VASTMANLAND","VASTMANLAND","VASTMANLAND",12/05/04,203
139,20/04/04,"KATRINA","","DONESK","DONESK","DONESK",,220
140,20/04/04,"KATRINA","GDEROEP","LVIV","LVIV","LVIV",06/07/04,220
141,20/04/04,"KATRINA","","ODESSA","ODESSA","ODESSA",,220
145,20/04/04,"KATRINA","GDEROEP","BEDFORDSHIRE (COUNTY)","BEDFORDSHIRE  (COUNTY)","BEDFORDSHIRE  (COUNTY)",09/07/04,222
146,20/04/04,"KATRINA","GDEROEP","DEVON (COUNTY)","DEVON (COUNTY)","DEVON (COUNTY)",09/07/04,222
152,20/04/04,"KATRINA","GDEROEP","WEST MIDLANDS (REGION)","WEST MIDLANDS (REGIO)","WEST MIDLANDS (REGION)",09/07/04,222
153,20/04/04,"KATRINA","GDEROEP","WEST SUSSEX (COUNTY)","WEST SUSSEX (COUNTY)","WEST SUSSEX (COUNTY)",09/07/04,222
154,20/04/04,"KATRINA","GDEROEP","ANGLETERRE","ENGELAND","ENGLAND",09/07/04,222
162,20/04/04,"KATRINA","GDEROEP","BUCKINGHAMSHIRE (COUNTY)","BUCKINGHAMSHIRE (COUNTY)","BUCKINGHAMSHIRE (COUNTY)",09/07/04,222
164,20/04/04,"KATRINA","GDEROEP","CHESHIRE (COUNTY)","CHESHIRE (COUNTY)","CHESHIRE (COUNTY)",09/07/04,222
166,20/04/04,"KATRINA","GDEROEP","CORNWALL (COUNTY)","CORNWALL (COUNTY)","CORNWALL (COUNTY)",09/07/04,222
509,20/04/04,"KATRINA","","REUNION (LA)","REUNION (LA)","REUNION (LA)",,73
511,20/04/04,"KATRINA","","GRAD-ZAGREB","GRAD-ZAGREB","GRAD-ZAGREB",,53
516,20/04/04,"KATRINA","","ZAGREB","ZAGREB","ZAGREB",,53
517,20/04/04,"KATRINA","","DONEGAL","DONEGAL","DONEGAL",,103
519,20/04/04,"KATRINA","","KAUNAS","KAUNAS","KAUNAS",,123
522,20/04/04,"KATRINA","GDEROEP","NOGRAD (DISTRICT)","NOGRAD (DISTRICT)","NOGRAD (DISTRICT)",08/03/05,97
523,20/04/04,"KATRINA","","CAHUL","CAHUL","CAHUL",,140
524,20/04/04,"KATRINA","","CHISINAU","CHISINAU","CHISINAU",,140
529,20/04/04,"KATRINA","GDEROEP","OREBRO","OREBRO","OREBRO",18/11/04,203
527,20/04/04,"KATRINA","","TIROL","TIROL","TIROL",,14
528,20/04/04,"KATRINA","","VIENNE","WENEN","VIENNA",,14
530,20/04/04,"KATRINA","","OSTERGOTLAND","OSTERGOTLAND","OSTERGOTLAND",,203
531,20/04/04,"KATRINA","","SORMLAND","SORMLAND","SORMLAND",,203
533,20/04/04,"KATRINA","GDEROEP","BRESIL (DISTRICT FEDERAL DU)","BRAZILIE (FEDERAAL DISTRICT  VAN)","BRESIL (DISTRICT FEDERAL DU)",30/06/04,30
534,20/04/04,"KATRINA","GDEROEP","MOSCOU (PROVINCE)","MOSKOU (PROVINCIE)","MOSKOW (PROVINCE)",25/06/12,176
535,20/04/04,"KATRINA","","SICHUAN","SICHUAN","SICHUAN",,44
538,20/04/04,"KATRINA","GDEROEP","ANCONE (PROVINCE D')","ANCONE (PROVINCIE)","ANCONE (PROVINCE)",07/03/06,105
539,20/04/04,"KATRINA","GDEROEP","MILAN (PROVINCE DE)","MILAAN (PROVINCIE)","MILAN (PROVINCE)",07/03/06,105
540,20/04/04,"KATRINA","GDEROEP","REGGIO EMILIA (PROVINCE DE)","REGGIO EMILIA (PROVINCIE)","REGGIO EMILIA (PROVINCE",07/03/06,105
334,20/04/04,"KATRINA","","MIDLAND","MIDLAND","MIDLAND",,103
335,20/04/04,"KATRINA","","SOUTH EAST","SOUTH EAST","SOUTH EAST",,103
336,20/04/04,"KATRINA","","MID WEST","MID WEST","MID WEST",,103
337,20/04/04,"KATRINA","","SOUTH WEST","SOUTH WEST","SOUTH WEST",,103
339,20/04/04,"KATRINA","","WEST","WEST","WEST",,103
341,20/04/04,"KATRINA","","BJELOVAR","BJELOVAR","BJELOVAR",,53
342,20/04/04,"KATRINA","","DUBROVNIC-NERETVA","DUBROVNIC","DUBROVNIC",,53
343,20/04/04,"KATRINA","GDEROEP","ISTRIE (DISTRICT)","ISTRIE (DISTRICT)","ISTRIA (COUNTY)",25/06/12,53
344,20/04/04,"KATRINA","","KARLOVAC","KARLOVAC","KARLOVAC",,53
345,20/04/04,"KATRINA","GDEROEP","KOPRIVNICA-KRIZEVCI (DISTRICT)","KOPRIVNICA-KRIZEVCI (DISTRICT)","KOPRIVNICA-KRIZEVCI (COUNTY)",25/06/12,53
346,20/04/04,"KATRINA","","MEDIMURJE","MEDIMURJE","MEDIMURJE",,53
347,20/04/04,"KATRINA","","LIKA SENJ","LIKA SENJ","LIKA SENJ",,53
349,20/04/04,"KATRINA","","OSIJEK-BARANJA","OSIJEK-BARANJA","OSIJEK-BARANJA",,53
350,20/04/04,"KATRINA","","PRIMORJE-GORSKI","PRIMORJE-GORSKI","PRIMORJE-GORSKI",,53
351,20/04/04,"KATRINA","","PROZEGA-SLAVONIA","PROZEGA-SLAVONIA","PROZEGA-SLAVONIA",,53
352,20/04/04,"KATRINA","","SIBENIK-KNIN","SIBENIK-KNIN","SIBENIK-KNIN",,53
353,20/04/04,"KATRINA","","SISAK-MOSLAVINA","SISAK-MOSLAVINA","SISAK-MOSLAVINA",,53
355,20/04/04,"KATRINA","PGERARD","SLAVONSKI BROD-POSAVINA","SL.BROD-POSAVINA","SL.BROD-POSAVINA",12/05/04,53
356,20/04/04,"KATRINA","GDEROEP","SPLIT-DALMATIE","SPLIT-DALMATIE","SPLIT-DALMATIA",06/07/04,53
357,20/04/04,"KATRINA","","VARAZDIN","VARAZDIN","VARAZDIN",,53
358,20/04/04,"KATRINA","","VIROVILLCA","VIROVILLCA","VIROVILLCA",,53
172,20/04/04,"KATRINA","GDEROEP","DORSET (COUNTY).","DORSET (COUNTY).","DORSET (COUNTY).",09/07/04,222
173,20/04/04,"KATRINA","GDEROEP","DURHAM (COUNTY)","DURHAM (COUNTY)","DURHAM (COUNTY)",09/07/04,222
174,20/04/04,"KATRINA","GDEROEP","EAST SUSSEX (COUNTY)","EAST SUSSEX (COUNTY)","EAST SUSSEX (COUNTY)",09/07/04,222
175,20/04/04,"KATRINA","GDEROEP","ESSEX (COUNTY)","ESSEX (COUNTY)","ESSEX (COUNTY)",09/07/04,222
176,20/04/04,"KATRINA","GDEROEP","GLOUCESTERSHIRE (COUNTY)","GLOUCESTERSHIRE (COUNTY)","GLOUCESTERSHIRE (COUNTY)",09/07/04,222
583,10/05/04,"PGERARD","","OSTFOLD","OSTFOLD","OSTFOLD",,160
178,20/04/04,"KATRINA","GDEROEP","GRAND MANCHESTER (COUNTY)","GREATER MANCHESTER (COUNTY)","GREATER MANCHESTER (COUNTY)",09/07/04,222
180,20/04/04,"KATRINA","GDEROEP","HAMPSHIRE (COUNTY)","HAMPSHIRE (COUNTY)","HAMPSHIRE (COUNTY)",09/07/04,222
182,20/04/04,"KATRINA","GDEROEP","HEREFORDSHIRE (COUNTY)","HEREFORDSHIRE (COUNTY)","HEREFORDSHIRE (COUNTY)",09/07/04,222
184,20/04/04,"KATRINA","GDEROEP","ILE DE WIGHT (COUNTY)","WHIGHT- HET EILAND (COUNTY)","ISLE OF WHIGHT (COUNTY)",09/07/04,222
185,20/04/04,"KATRINA","GDEROEP","KENT (COUNTY)","KENT (COUNTY)","KENT (COUNTY)",09/07/04,222
189,20/04/04,"KATRINA","GDEROEP","LANCASHIRE (COUNTY)","LANCASHIRE (COUNTY)","LANCASHIRE (COUNTY)",09/07/04,222
191,20/04/04,"KATRINA","GDEROEP","LEICESTERSHIRE (COUNTY)","LEICESTERSHIRE (COUNTY)","LEICESTERSHIRE (COUNTY)",09/07/04,222
192,20/04/04,"KATRINA","GDEROEP","LINCOLNSHIRE (COUNTY)","LINCOLNSHIRE (COUNTY)","LINCOLNSHIRE (COUNTY)",09/07/04,222
194,20/04/04,"KATRINA","","MEDWAY","MEDWAY","MEDWAY",,53
195,20/04/04,"KATRINA","GDEROEP","MERSEYSIDE (COUNTY)","MERSEYSIDE (COUNTY)","MERSEYSIDE (COUNTY)",09/07/04,222
564,07/05/04,"GDEROEP","PGERARD","BADEN-WURTTENBERG","BADEN-WURTTENBERG","BADEN-WURTTENBERG",10/05/04,81
566,07/05/04,"GDEROEP","","HAMBOURG","HAMBURG","HAMBURG",,81
565,07/05/04,"GDEROEP","","BRANDENBOURG","BRANDENBURG","BRANDENBURG",,81
567,07/05/04,"GDEROEP","GDEROEP","MECKLEMBOURG-POMMERANIE-OCCIDENTALE","MECKLENBURG-VORPOMMEREN","MECKLENBURG-WESTERN POMERANIA",25/06/12,81
568,07/05/04,"GDEROEP","","SAARLAND","SAARLAND","SAARLAND",,81
569,07/05/04,"GDEROEP","PGERARD","SAXE","SAKSEN","SAKSEN",18/06/04,81
570,07/05/04,"GDEROEP","","SAKSEN-ANHALT","SAKSEN-ANHALT","SAKSEN-ANHALT",,81
571,07/05/04,"GDEROEP","","SLEESWIJK-HOLSTEIN","SLEESWIJK-HOLSTEIN","SLEESWIJK-HOLSTEIN",,81
573,07/05/04,"GDEROEP","GDEROEP","LUBELSKIE","LUBELSKIE","LUBELSKIE",19/10/04,170
574,07/05/04,"GDEROEP","","LUBUSKIE","LUBUSKIE","LUBUSKIE",,170
575,07/05/04,"GDEROEP","","OPOLSKIE","OPOLSKIE","OPOLSKIE",,170
576,07/05/04,"GDEROEP","GDEROEP","PODKARPACKIE (CARPATHES)","PODKARPACKIE (KARPATEN)","PODKARPACKIE",08/03/05,170
577,07/05/04,"GDEROEP","GDEROEP","PODSLASKIE (LA PODLASIE)","PODSLASKIE (PODLASIE)","PODSLASKIE",08/03/05,170
578,07/05/04,"GDEROEP","GDEROEP","WARMIE-MAZURIE (WARMINSKO-MAZURSKIE)","WARMIE-MAZURIE (WARMINSKO-MAZURSKIE)","WARMIA-MAZURIA (WARMINSKO-MAZURSKIE)",08/03/05,170
582,10/05/04,"PGERARD","GDEROEP","ILES BALÉARES","BALEAREN","BALEARES (BALEARIC ISLANDS)",16/07/04,195
584,11/05/04,"PGERARD","","ALENTEJO","ALENTEJO","ALENTEJO",,171
585,11/05/04,"PGERARD","PGERARD","KRAPINA-ZADORJE","KRAPINA-ZADORJE","KRAPINA-ZADORJE",11/05/04,53
586,11/05/04,"PGERARD","GDEROEP","ABRUZZES","ABRUZZEN","ABRUZZO",06/07/04,105
591,12/05/04,"PGERARD","","SHIDA KARTLI","SHIDA KARTLI","SHIDA KARTLI",,80
592,12/05/04,"PGERARD","GDEROEP","ARGOVIE (AARGAU)","AARGAU","ARGOVIA",16/07/04,204
593,12/05/04,"PGERARD","","DIBER","DIBER","DIBER",,2
594,12/05/04,"PGERARD","","BANKA BYSTRICA","BANKA BYSTRICA","BANKA BYSTRICA",,189
595,12/05/04,"PGERARD","","TRENCIN","TRENCIN","TRENCIN",,189
596,12/05/04,"PGERARD","","TRNAVA","TRNAVA","TRNAVA",,189
597,12/05/04,"PGERARD","PGERARD","NORRBOTTEN","NORRBOTTEN","NORRBOTTEN",12/05/04,203
598,12/05/04,"PGERARD","","QUEBEC","QUEBEC","QUEBEC",,38
599,12/05/04,"PGERARD","GDEROEP","LE CAP","KAAP","LE CAP",18/11/04,193
606,14/05/04,"PGERARD","","KINSHASA (VILLE-PROVINCE DE)","KINSHASA (VILLE-PROVINCE DE)","KINSHASA (VILLE-PROVINCE DE)",,49
601,13/05/04,"PGERARD","","ARUSHA","ARUSHA","ARUSHA",,208
602,14/05/04,"PGERARD","PGERARD","ALBERTA (PROVINCE D')","ALBERTA","ALBERTA",14/05/04,38
604,14/05/04,"PGERARD","","CASABLANCA (REGION DU GRAND)","CASABLANCA (REGION DU GRAND)","CASABLANCA (REGION DU GRAND)",,144
605,14/05/04,"PGERARD","","LA HAVANE (PROVINCE VILLE DE)","LA HAVANE (PROVINCE VILLE DE)","LA HAVANE (PROVINCE VILLE DE)",,54
607,14/05/04,"PGERARD","","LEGNICA","LEGNICA","LEGNICA",,170
627,08/06/04,"PGERARD","","BOHOL (PROVINCE)","BOHOL (PROVINCE)","BOHOL (PROVINCE)",,168
628,08/06/04,"PGERARD","GDEROEP","CAGLIARI (PROVINCE)","CAGLIARI (PROVINCIE)","CAGLIARI (PROVINCE)",07/03/06,105
629,10/06/04,"PGERARD","GDEROEP","BRETAGNE","BRETAGNE","BRITTANY",09/07/04,73
630,10/06/04,"PGERARD","GDEROEP","THRACE (ANATOLIKI MAKEDONIA KAI TRAKI)","OOST MACEDONIE EN TRACIE (ANATOLIKI MAKEDONIA KAI TRAKI)","EAST MACEDONIA AND THRACE (ANATOLIKI MAKEDONIA KAI TRAKI)",16/07/04,84
704,07/07/04,"PGERARD","GDEROEP","CAMBRIDGESHIRE (COUNTY)","CAMBRIDGESHIRE (COUNTY)","CAMBRIDGESHIRE (COUNTY)",09/07/04,222
633,10/06/04,"PGERARD","","LEINSTER","LEINSTER","LEINSTER",,103
647,17/06/04,"PGERARD","","FINGAL (COMTE DE)","FINGAL (COMTE DE)","FINGAL (COUNTY OF)",,103
648,17/06/04,"PGERARD","GDEROEP","CANTANZARO (PROVINCE DE)","CANTANZARO (PROVINCIE)","CANTANZARO (PROVINCE)",07/03/06,105
667,30/06/04,"GDEROEP","","COLORADO","COLORADO","COLORADO",,223
668,30/06/04,"GDEROEP","","NEW YORK","NEW YORK","NEW YORK",,223
669,30/06/04,"GDEROEP","","TEXAS","TEXAS","TEXAS",,223
670,30/06/04,"GDEROEP","","GEORGIA","GEORGIA","GEORGIA",,223
671,01/07/04,"PGERARD","","ALGARVE","ALGARVE","ALGARVE",,171
672,01/07/04,"PGERARD","","CHIAPAZ","CHIAPAZ","CHIAPAZ",,138
673,01/07/04,"PGERARD","","BARRANCA","BARRANCA","BARRANCA",,167
687,06/07/04,"GDEROEP","","VICTORIA","VICTORIA","VICTORIA",,13
688,06/07/04,"GDEROEP","","NEW SOUTH WALES","NEW SOUTH WALES","NEW SOUTH WALES",,13
689,06/07/04,"GDEROEP","","QUEENSLAND","QUEENSLAND","QUEENSLAND",,13
690,06/07/04,"GDEROEP","","NORTHERN TERRITORY","NORTHERN TERRITORY","NORTHERN TERRITORY",,13
691,06/07/04,"GDEROEP","","WESTERN AUSTRALIA","WESTERN AUSTRALIA","WESTERN AUSTRALIA",,13
692,06/07/04,"GDEROEP","","SOUTH AUSTRALIA","SOUTH AUSTRALIA","SOUTH AUSTRALIA",,13
693,06/07/04,"GDEROEP","","AUSTRALIAN CAPITAL TERRITORY","AUSTRALIAN CAPITAL TERRITORY","AUSTRALIAN CAPITAL TERRITORY",,13
694,06/07/04,"GDEROEP","","TASMANIE","TASMANIE","TASMANIA",,13
695,07/07/04,"GDEROEP","GDEROEP","EPIRUS (IPEIROS)","EPIRUS (IPEIROS)","EPIRUS (IPEIROS)",16/07/04,84
698,07/07/04,"GDEROEP","GDEROEP","CRETE (KRITI)","KRETA (KRITI)","CRETE (KRITI)",16/07/04,84
699,07/07/04,"GDEROEP","GDEROEP","ILES IONIQUES (IONIOI NISOI)","IONISCHE EILANDEN (IONIOI NISOI)","IONIAN ISLANDS (IONIOI NISOI)",16/07/04,84
700,07/07/04,"GDEROEP","PGERARD","THESSALIE","THESSALIE","THESSALY",03/09/04,84
706,07/07/04,"GDEROEP","","(KARLOVARSKY)","KARLSBAD (KARLOVARSKY)","CARLSBAD (KARLOVARSKY)",,56
705,07/07/04,"GDEROEP","","VISOCINA","VISOCINA (HOOGLANDEN)","VISOCINA (HIGLANDS)",,56
711,09/07/04,"GDEROEP","","GRAND LONDRES","GROOT LONDEN","GREATER LONDON",,222
712,09/07/04,"GDEROEP","GDEROEP","NORTH WEST (REGION)","NORTH WEST (REGIO)","NORTH WEST (REGION)",09/07/04,222
713,09/07/04,"GDEROEP","GDEROEP","NORTH EAST (REGION)","NORTH EAST (REGIO)","NORTH EAST (REGION)",09/07/04,222
714,09/07/04,"GDEROEP","GDEROEP","YORKSHIRE AND HUMBERSIDE (REGION)","YORKSHIRE AND HUMBERSIDE (REGIO)","YORKSHIRE AND HUMBERSIDE (REGION)",09/07/04,222
715,09/07/04,"GDEROEP","","EAST MIDLANDS (REGION)","EAST MIDLANDS (REGIO)","EAST MIDLANDS (REGION)",,222
716,09/07/04,"GDEROEP","","SOUTH EAST (REGION)","SOUTH EAST (REGIO)","SOUTH EAST (REGION)",,222
717,09/07/04,"GDEROEP","","SOUTH WEST (REGION)","SOUTH WEST (REGIO)","SOUTH WEST (REGION)",,222
718,09/07/04,"GDEROEP","","EAST ANGLIA  (REGION)","EAST ANGLIA  (REGIO)","EAST ANGLIA  (REGION)",,222
365,20/04/04,"KATRINA","GDEROEP","BOURGOGNE","BOURGONDIE","BURGUNDY",09/07/04,73
587,12/05/04,"PGERARD","","BOTOSANI","BOTOSANI","BOTOSANI",,175
367,20/04/04,"KATRINA","GDEROEP","CENTRE","CENTRUM","CENTRE",06/05/04,73
368,20/04/04,"KATRINA","GDEROEP","CHAMPAGNE-ARDENNE","CHAMPAGNE-ARDENNEN","CHAMPAGNE-ARDENNE",06/05/04,73
369,20/04/04,"KATRINA","GDEROEP","CORSE","CORSICA","CORSICA",09/07/04,73
370,20/04/04,"KATRINA","","FRANCHE-COMTÉ","FRANCHE-COMTÉ","FRANCHE-COMTÉ",,73
371,20/04/04,"KATRINA","","GUADELOUPE","GUADELOUPE","GUADELOUPE",,73
372,20/04/04,"KATRINA","","GUYANE ","GUYANE ","GUYANE ",,73
373,20/04/04,"KATRINA","","ILE-DE-FRANCE","ILE-DE-FRANCE","ILE-DE-FRANCE",,73
374,20/04/04,"KATRINA","GDEROEP","LANGUEDOC-ROUSSILLON","LANGUEDOC-ROUSSILLON","LANGUEDOC-ROUSSILLON",07/05/04,73
375,20/04/04,"KATRINA","","LIMOUSIN","LIMOUSIN","LIMOUSIN",,73
376,20/04/04,"KATRINA","GDEROEP","PAYS DE LA LOIRE","LOIRESTREEK","PAYS DE LA LOIRE",06/05/04,73
377,20/04/04,"KATRINA","GDEROEP","LORRAINE","LOTHARINGEN","LORRAINE",06/05/04,73
378,20/04/04,"KATRINA","","MARTINIQUE","MARTINIQUE","MARTINIQUE",,73
379,20/04/04,"KATRINA","PGERARD","MIDI-PYRENEES","MIDI-PYRENEEEN","MIDI-PYRENEES",10/05/04,73
380,20/04/04,"KATRINA","GDEROEP","NORD-PAS-DE-CALAIS","NOORD-PAS-DE-CALAIS","NORD-PAS-DE-CALAIS",07/05/04,73
381,20/04/04,"KATRINA","GDEROEP","BASSE-NORMANDIE","LAAG-NORMADIË","LOWER NORMANDY",09/07/04,73
382,20/04/04,"KATRINA","GDEROEP","HAUTE-NORMANDIE","HOOG-NORMANDIË","UPPER NORMANDY",09/07/04,73
383,20/04/04,"KATRINA","GDEROEP","PICARDIE","PICARDIË","PICARDIE",06/05/04,73
384,20/04/04,"KATRINA","","POITOU-CHARENTES","POITOU-CHARENTES","POITOU-CHARENTES",,73
385,20/04/04,"KATRINA","GDEROEP","PROVENCE-ALPES-CÔTE D'AZUR","PROVENCE-ALPEN-AZURENKUST","PROVENCE-ALPES-CÔTE D'AZUR",07/05/04,73
588,12/05/04,"PGERARD","","SAMARA","SAMARA","SAMARA",,176
387,20/04/04,"KATRINA","GDEROEP","RHÔNE-ALPES","RHÔNE-ALPEN","RHÔNE-ALPES",07/05/04,73
389,20/04/04,"KATRINA","","ARAGON","ARAGON","ARAGON",,195
390,20/04/04,"KATRINA","GDEROEP","CANARIES","CANARISCHE EILANDEN","CANARIAS (CANARY ISLANDS)",16/07/04,195
391,20/04/04,"KATRINA","GDEROEP","CANTABRIA","CANTABRIE","CANTABRIA",06/07/04,195
392,20/04/04,"KATRINA","GDEROEP","CASTILLE- LA MANCHE","CASTILLIE - LA MANCHA","CASTILLA - LA MANCHA",16/07/04,195
393,20/04/04,"KATRINA","GDEROEP","CASTILLE- LEON","CASTILLIE - LEON","CASTILLA Y LEON",16/07/04,195
394,20/04/04,"KATRINA","GDEROEP","MADRID","MADRID","MADRID",16/07/04,195
395,20/04/04,"KATRINA","GDEROEP","VALENCE","VALENCIA","VALENCIA",16/07/04,195
396,20/04/04,"KATRINA","GDEROEP","NAVARRE","NAVARRA","NAVARRA",06/07/04,195
397,20/04/04,"KATRINA","GDEROEP","PAYS BASQUE","BASKENLAND","BASQUE COUNTRY",16/07/04,195
398,20/04/04,"KATRINA","PGERARD","EXTREMADURE","EXTREMADURA","EXTREMADURA",30/06/04,195
399,20/04/04,"KATRINA","GDEROEP","GALICIE","GALICIE","GALICIA",06/07/04,195
589,12/05/04,"PGERARD","","ADJARA","ADJARA","ADJARA",,80
401,20/04/04,"KATRINA","","LA RIOJA","LA RIOJA","LA RIOJA",,195
198,20/04/04,"KATRINA","GDEROEP","NORFOLK (COUNTY)","NORFOLK (COUNTY)","NORFOLK (COUNTY)",09/07/04,222
201,20/04/04,"KATRINA","GDEROEP","NORTH YORKSHIRE (COUNTY)","NORTH YORKSHIRE (COUNTY)","NORTH YORKSHIRE (COUNTY)",09/07/04,222
202,20/04/04,"KATRINA","GDEROEP","NORTHAMPTONSHIRE (COUNTY)","NORTHAMPTONSHIRE (COUNTY)","NORTHAMPTONSHIRE (COUNTY)",09/07/04,222
204,20/04/04,"KATRINA","GDEROEP","NORTHUMBERLAND (COUNTY)","NORTHUMBERLAND (COUNTY)","NORTHUMBERLAND (COUNTY)",09/07/04,222
206,20/04/04,"KATRINA","GDEROEP","NOTTINGHAMSHIRE (COUNTY)","NOTTINGHAMSHIRE (COUNTY)","NOTTINGHAMSHIRE (COUNTY)",09/07/04,222
207,20/04/04,"KATRINA","GDEROEP","OXFORDSHIRE (COUNTY)","OXFORDSHIRE (COUNTY)","OXFORDSHIRE (COUNTY)",09/07/04,222
213,20/04/04,"KATRINA","","REDCAR AND CLEVELAND","REDCAR AND CLEVELAND","REDCAR AND CLEVELAND",,222
214,20/04/04,"KATRINA","GDEROEP","RUTLAND (COUNTY)","RUTLAND (COUNTY)","RUTLAND (COUNTY)",09/07/04,222
216,20/04/04,"KATRINA","GDEROEP","SOMERSET (COUNTY)","SOMERSET (COUNTY)","SOMERSET (COUNTY)",09/07/04,222
217,20/04/04,"KATRINA","GDEROEP","GLOUCESTERSHIRE SUD (DISTRICT)","SOUTH GLOUCESTERSHIRE (DISTRICT)","SOUTH GLOUCESTERSHIRE (DISTRICT)",09/07/04,222
218,20/04/04,"KATRINA","GDEROEP","SOUTH YORKSHIRE (COUNTY)","SOUTH YORKSHIRE (COUNTY)","SOUTH YORKSHIRE (COUNTY)",09/07/04,222
221,20/04/04,"KATRINA","GDEROEP","SHROPSHIRE (COUNTY)","SHROPSHIRE (COUNTY)","SHROPSHIRE (COUNTY)",09/07/04,222
222,20/04/04,"KATRINA","GDEROEP","STAFFORDSHIRE (COUNTY)","STAFFORDSHIRE (COUNTY)","STAFFORDSHIRE (COUNTY)",09/07/04,222
225,20/04/04,"KATRINA","GDEROEP","SUFFOLK (COUNTY)","SUFFOLK (COUNTY)","SUFFOLK (COUNTY)",09/07/04,222
227,20/04/04,"KATRINA","GDEROEP","SURREY (COUNTY)","SURREY (COUNTY)","SURREY (COUNTY)",09/07/04,222
232,20/04/04,"KATRINA","GDEROEP","TYNE AND WEAR (COUNTY)","TYNE AND WEAR (COUNTY)","TYNE AND WEAR (COUNTY)",09/07/04,222
234,20/04/04,"KATRINA","GDEROEP","WARWICKSHIRE (COUNTY)","WARWICKSHIRE (COUNTY)","WARWICKSHIRE (COUNTY)",09/07/04,222
238,20/04/04,"KATRINA","GDEROEP","WEST YORKSHIRE (COUNTY)","WEST YORKSHIRE (COUNTY)","WEST YORKSHIRE (COUNTY)",09/07/04,222
1,20/04/04,"KATRINA","GDEROEP","RÉGION DE BRUXELLES-CAPITALE","BRUSSELS HOOFDSTEDELIJK GEWEST","BRUSSELS-CAPITAL REGION",25/06/12,21
2,20/04/04,"KATRINA","GDEROEP","ANDALOUSIE","ANDALUSIË","ANDALOUCIA",16/07/04,195
4,20/04/04,"KATRINA","GDEROEP","CATALOGNE","CATALONIË","CATALUNA",16/07/04,195
8,20/04/04,"KATRINA","PGERARD","WALLONIE","WALLONIË","WALLONIA",11/06/12,21
9,20/04/04,"KATRINA","GDEROEP","FLANDRE","VLAANDEREN","FLANDERS",09/03/05,21
11,20/04/04,"KATRINA","GDEROEP","BAVIERE (LA)","BEIEREN","BAYERN",16/07/04,81
12,20/04/04,"KATRINA","","BREMEN","BREMEN","BREMEN",,81
17,20/04/04,"KATRINA","GDEROEP","COMMUNAUTE GERMANOPHONE","DUITSTALIGE GEMEENSCHAP","COMMUNAUTE GERMANOPHONE",07/05/04,21
18,20/04/04,"KATRINA","","BURGENLAND","BURGENLAND","BURGENLAND",,14
19,20/04/04,"KATRINA","GDEROEP","KARNTEN","KARINTHIE (KARNTEN)","KARNTEN",07/07/04,14
20,20/04/04,"KATRINA","","NIEDEROSTERREICH","NEDEROOSTENRIJK","NIEDEROSTERREICH",,14
21,20/04/04,"KATRINA","GDEROEP","OBEROSTERREICH","OPPER-OOSTENRIJK (OBEROSTERREICH)","OBEROSTERREICH",07/07/04,14
22,20/04/04,"KATRINA","GDEROEP","SALSBOURG","SALSBURG","SALZBURG",07/07/04,14
23,20/04/04,"KATRINA","GDEROEP","STYRIE","STIERMARKEN","STEIERMARK",20/07/04,14
25,20/04/04,"KATRINA","GDEROEP","VORARLBERG","VORALBERG","VORARLBERG",07/07/04,14
29,20/04/04,"KATRINA","GDEROEP","BASSE-SILEZIE (DOLNOSLASKIE)","NEDER-SILEZIE (DOLNOSLASKIE)","LOWER SILSIA (DOLNOSLASKIE)",08/03/05,170
30,20/04/04,"KATRINA","PGERARD","CUJAVIE-POMÉRANIE","KUJAWSKO-POMORSKIE","KUJAWSKO-POMORSKIE",12/06/12,170
31,20/04/04,"KATRINA","GDEROEP","MALOPOLSKIE (LA PETITE POLOGNE)","MALOPOLSKIE (KLEIN-POLEN)","MALOPOLSKIE (LITTLE POLAND)",08/03/05,170
35,20/04/04,"KATRINA","","SWIETOKRZYSKIE","SWIETOKRZYSKIE","SWIETOKRZYSKIE",,170
36,20/04/04,"KATRINA","GDEROEP","WIELKOPOLSKIE (GRANDE POLOGNE)","WIELKOPOLSKIE (GROOT-POLEN)","WIELKOPOLSKIE (GREAT POLAND)",08/03/05,170
37,20/04/04,"KATRINA","GDEROEP","AÇORES","AZOREN","AÇORES",27/05/04,171
39,20/04/04,"KATRINA","","MADEIRE","MADEIRA","MADEIRA",,171
40,20/04/04,"KATRINA","GDEROEP","NORD (NORTE)","NOORD (NORTE)","NORTH (NORTE)",07/07/04,171
42,20/04/04,"KATRINA","","CENTRO","CENTRO","CENTRO",,171
43,20/04/04,"KATRINA","","ALBA","ALBA","ALBA",,175
44,20/04/04,"KATRINA","","ARAD","ARAD","ARAD",,175
45,20/04/04,"KATRINA","","ARGES","ARGES","ARGES",,175
46,20/04/04,"KATRINA","","BACAU","BACAU","BACAU",,175
47,20/04/04,"KATRINA","","BISTRITA-NASAUD","BISTRITA-NASAUD","BISTRITA-NASAUD",,175
590,12/05/04,"PGERARD","","IMERETY","IMERETY","IMERETY",,80
49,20/04/04,"KATRINA","","BRAILA","BRAILA","BRAILA",,175
50,20/04/04,"KATRINA","","BRASOV","BRASOV","BRASOV",,175
51,20/04/04,"KATRINA","","CALARASI","CALARASI","CALARASI",,175
52,20/04/04,"KATRINA","","CARAS-SEVERIN","CARAS-SEVERIN","CARAS-SEVERIN",,175
53,20/04/04,"KATRINA","","CONSTANTA","CONSTANTA","CONSTANTA",,175
54,20/04/04,"KATRINA","","COVASNA","COVASNA","COVASNA",,175
55,20/04/04,"KATRINA","","DAMBOVITA","DAMBOVITA","DAMBOVITA",,175
56,20/04/04,"KATRINA","","DOLJ","DOLJ","DOLJ",,175
57,20/04/04,"KATRINA","","GALATI","GALATI","GALATI",,175
58,20/04/04,"KATRINA","","HARGHITA","HARGHITA","HARGHITA",,175
403,20/04/04,"KATRINA","GDEROEP","MURCIA","MURCIA","MURCIA",06/07/04,195
417,20/04/04,"KATRINA","","BIHAC","BIHAC","BIHAC",,27
418,20/04/04,"KATRINA","","GORAZDE","GORAZDE","GORAZDE",,27
419,20/04/04,"KATRINA","","KUPRES","KUPRES","KUPRES",,27
423,20/04/04,"KATRINA","","ORASJE","ORASJE","ORASJE",,27
424,20/04/04,"KATRINA","","SARAJEVO","SARAJEVO","SARAJEVO",,27
422,20/04/04,"KATRINA","","MOSTAR","MOSTAR","MOSTAR",,27
425,20/04/04,"KATRINA","","SIROKI BRIJEG","SIROKI BRIJEG","SIROKI BRIJEG",,27
426,20/04/04,"KATRINA","","TRAVNIK","TRAVNIK","TRAVNIK",,27
427,20/04/04,"KATRINA","","TUZLA ","TUZLA ","TUZLA ",,27
428,20/04/04,"KATRINA","","ZENICA","ZENICA","ZENICA",,27
429,20/04/04,"KATRINA","GDEROEP","MORAVIE DU SUD (JIHOMORAVSKY)","ZUID-MORAVIE (JIHOMORAVSKY)","SOUTH MORAVIA  (JIHOMORAVSKY)",07/07/04,56
430,20/04/04,"KATRINA","","CESKOBUDEJOVICKY","CESKOBUDEJOVICKY","CESKOBUDEJOVICKY",,56
431,20/04/04,"KATRINA","GDEROEP","LA BOHEME DU SUD (JIHOCESCKY)","ZUID-BOHEMEN (JIHOCESCKY)","SOUTH BOHEMIA (JIHOCESCKY)",07/07/04,56
433,20/04/04,"KATRINA","GDEROEP","HRADEC KRALOVE (KRALOVEHRADECKY)","HRADEC KRALOVE (KRALOVEHRADECKY)","KRALOVEHRADECKY (HRADEC KRALOVE)",08/07/04,56
434,20/04/04,"KATRINA","GDEROEP","LIBEREC (LIBERECKY)","LIBEREC (LIBERECKY)","LIBEREC (LIBERECKY)",07/07/04,56
436,20/04/04,"KATRINA","GDEROEP","MORAVSKOSLESZKY (MORAVIE-SILESIE)","MORAVSKOSLESZKY (MORAVIE-SILEZIE)","MORAVSKOSLESZKY (MORAVIA-SILESIA)",07/07/04,56
437,20/04/04,"KATRINA","GDEROEP","PARDUBICE (PARDUBICKY)","PARDUBICE (PARDUBICKY)","PARDUBICE (PARDUBICKY)",07/07/04,56
438,20/04/04,"KATRINA","GDEROEP","PILSEN (PLZENSKY)","PILSEN (PLZENSKY)","PILSEN (PLZENSKY)",07/07/04,56
439,20/04/04,"KATRINA","PGERARD","PRAGUE","PRAAG","PRAHA",18/06/04,56
440,20/04/04,"KATRINA","GDEROEP","LA BOHEME CENTRALE (STREDOCESKY)","CENTRAAL-BOHEMIE (STREDOCESKY)","CENTRAL BOHEMIA  (STREDOCESKY)",07/07/04,56
441,20/04/04,"KATRINA","GDEROEP","USTI (USTECKY)","USTI (USTECKY)","USTI (USTECKY)",07/07/04,56
442,20/04/04,"KATRINA","GDEROEP","ZLIN (ZLINSKY)","ZLINSKY (ZLIN)","ZLINSKY (ZLIN)",07/07/04,56
444,20/04/04,"KATRINA","","BERAT","BERAT","BERAT",,2
445,20/04/04,"KATRINA","","DURRES","DURRES","DURRES",,2
446,20/04/04,"KATRINA","","ELBASAN","ELBASAN","ELBASAN",,2
447,20/04/04,"KATRINA","","FIER","FIER","FIER",,2
448,20/04/04,"KATRINA","","GJIROKASTER","GJIROKASTER","GJIROKASTER",,2
449,20/04/04,"KATRINA","","KORCE","KORCE","KORCE",,2
450,20/04/04,"KATRINA","","KUKES","KUKES","KUKES",,2
451,20/04/04,"KATRINA","","LEZHE","LEZHE","LEZHE",,2
452,20/04/04,"KATRINA","","PESHKOPI","PESHKOPI","PESHKOPI",,2
453,20/04/04,"KATRINA","PGERARD","SOROCA","SOROCA","SOROCA",11/06/12,2
454,20/04/04,"KATRINA","GDEROEP","TIRANA","TIRANA","TIRANE",06/07/04,2
455,20/04/04,"KATRINA","","VLORE","VLORE","VLORE",,2
239,20/04/04,"KATRINA","GDEROEP","WILTSHIRE (COUNTY)","WILTSHIRE (COUNTY)","WILTSHIRE (COUNTY)",09/07/04,222
242,20/04/04,"KATRINA","GDEROEP","WORCESTERSHIRE (COUNTY)","WORCESTERSHIRE (COUNTY)","WORCESTERSHIRE (COUNTY)",09/07/04,222
244,20/04/04,"KATRINA","","TROMS ","TROMS ","TROMS ",,160
245,20/04/04,"KATRINA","","VESTFOLD","VESTFOLD","VESTFOLD",,160
246,20/04/04,"KATRINA","","TELEMARK ","TELEMARK ","TELEMARK ",,160
247,20/04/04,"KATRINA","PGERARD","SOR-TRONDELAG","SOR-TRONDELAG","SOR-TRONDELAG",10/05/04,160
249,20/04/04,"KATRINA","","OSLO","OSLO","OSLO",,160
250,20/04/04,"KATRINA","","OPPLAND","OPPLAND","OPPLAND",,160
251,20/04/04,"KATRINA","","NORDLAND","NORDLAND","NORDLAND",,160
252,20/04/04,"KATRINA","","HORDALAND","HORDALAND","HORDALAND",,160
253,20/04/04,"KATRINA","","HEDMARK","HEDMARK","HEDMARK",,160
254,20/04/04,"KATRINA","","BUSKERUD","BUSKERUD","BUSKERUD",,160
255,20/04/04,"KATRINA","","AKERSHUS","AKERSHUS","AKERSHUS",,160
256,20/04/04,"KATRINA","","DRENTHE","DRENTHE","DRENTHE",,150
257,20/04/04,"KATRINA","","FLEVOLAND","FLEVOLAND","FLEVOLAND",,150
258,20/04/04,"KATRINA","GDEROEP","FRIESLAND","FRIESLAND","FRIESLAND",07/05/04,150
259,20/04/04,"KATRINA","PGERARD","GUELDRE","GELDERLAND","GELDERLAND",02/07/04,150
260,20/04/04,"KATRINA","GDEROEP","GRONINGEN","GRONINGEN","GRONINGEN",07/05/04,150
262,20/04/04,"KATRINA","PGERARD","LIMBOURG","LIMBURG","LIMBURG",10/05/04,150
263,20/04/04,"KATRINA","PGERARD","NORD-BRABANT","NOORD-BRABANT","NOORD-BRABANT",12/05/04,150
264,20/04/04,"KATRINA","GDEROEP","NOORD-HOLLAND","NOORD-HOLLAND","NOORD-HOLLAND",07/05/04,150
265,20/04/04,"KATRINA","","OVERIJSSEL","OVERIJSSEL","OVERIJSSEL",,150
266,20/04/04,"KATRINA","GDEROEP","UTRECHT","UTRECHT","UTRECHT",07/05/04,150
267,20/04/04,"KATRINA","","ZEELAND","ZEELAND","ZEELAND",,150
268,20/04/04,"KATRINA","GDEROEP","ZUID-HOLLAND","ZUID-HOLLAND","ZUID-HOLLAND",07/05/04,150
269,20/04/04,"KATRINA","","HASKOVO ","HASKOVO ","HASKOVO ",,33
270,20/04/04,"KATRINA","","RUSSE ","RUSSE ","RUSSE ",,33
271,20/04/04,"KATRINA","","BURGAS","BURGAS","BURGAS",,33
272,20/04/04,"KATRINA","","LOVEC","LOVEC","LOVEC",,33
273,20/04/04,"KATRINA","GDEROEP","MONTANA","MONTANA","MONTANA",20/07/04,223
274,20/04/04,"KATRINA","","PLOVDIV","PLOVDIV","PLOVDIV",,33
275,20/04/04,"KATRINA","","SOFIA (DISTRICT","SOFIA (DISTRICT)","SOFIA (DISTRICT)",,33
276,20/04/04,"KATRINA","","VARNA","VARNA","VARNA",,33
277,20/04/04,"KATRINA","GDEROEP","BACS-KISKUN (DISTRICT)","BACS-KISKUN (DISTRICT)","BACS-KISKUN (DISTRICT)",08/03/05,97
278,20/04/04,"KATRINA","GDEROEP","BARANYA (DISTRICT)","BARANYA (DISTRICT)","BARANYA (DISTRICT)",08/03/05,97
280,20/04/04,"KATRINA","GDEROEP","BORSOD-ABAUJ-ZEMPLEN (DISTRICT)","BORSOD-ABAUJ-ZEMPLEN (DISTRICT)","BORSOD-ABAUJ-ZEMPLEN (DISTRICT)",08/03/05,97
281,20/04/04,"KATRINA","GDEROEP","CSONGRAD (DISTRICT)","CSONGRAD (DISTRICT)","CSONGRAD (DISTRICT)",08/03/05,97
282,20/04/04,"KATRINA","GDEROEP","FEJER (DISTRICT)","FEJER (DISTRICT)","FEJER (DISTRICT)",08/03/05,97
283,20/04/04,"KATRINA","GDEROEP","GYOR-MOSON-SOPRON (DISTRICT)","GYOR-MOSON-SOPRON (DISTRICT)","GYOR-MOSON-SOPRON (DISTRICT)",08/03/05,97
284,20/04/04,"KATRINA","GDEROEP","HAJDU-BIHAR (DISTRICT)","HAJDU-BIHAR (DISTRICT)","HAJDU-BIHAR (DISTRICT)",08/03/05,97
895,01/08/08,"GDEROEP","","HOVEDSTADEN","HOVEDSTADEN","HOVEDSTADEN",,57
896,01/08/08,"GDEROEP","GDEROEP","MIDTJYLLAND","MIDDEN-JUTLAND (MIDTJYLLAND)","MID JUTLAND (MIDTJYLLAND)",01/08/08,57
897,01/08/08,"GDEROEP","GDEROEP","NORDJYLLAND","NOORD-JUTLAND (NORDJYLLAND)","NORDJYLLAND",01/08/08,57
898,01/08/08,"GDEROEP","GDEROEP","SJAELLAND","ZEELAND (SJEALLAND)","SEALAND (SJAELLAND)",01/08/08,57
899,01/08/08,"GDEROEP","GDEROEP","SYDDANMARK","ZUID-DENEMARKEN","SOUTHERN DENMARK",01/08/08,57
868,10/06/05,"GDEROEP","","ALMERIA (PROVINCE)","ALMERIA (PROVINCIE)","ALMERIA (PROVINCE",,195
869,10/06/05,"GDEROEP","","HUELVA (PROVINCE)","HUELVA (PROVINCIE)","HUELVA (PROVINCE)",,195
870,10/06/05,"GDEROEP","","BARCELONE (PROVINCE)","BARCELONA (PROVINCIE)","BARCELONA (PROVINCIE)",,195
872,10/06/05,"GDEROEP","GDEROEP","TURIN (PROVINCE)","TURIJN (PROVINCIE)","TURIN (PROVINCE)",07/03/06,105
873,10/06/05,"GDEROEP","","ISAY (COUNTY)","ISAY (COUNTY)","ISAY (COUNTY)",,175
894,28/07/08,"GDEROEP","","COTE D'ARMOR (DEPARTEMENT)","COTE D'ARMOR (DEPARTEMENT)","COTE D'ARMOR (DEPARTEMENT)",,73
359,20/04/04,"KATRINA","","VUKOVAR-SRIJEM","VUKOVAR-SRIJEM","VUKOVAR-SRIJEM",,53
360,20/04/04,"KATRINA","","ZADAR","ZADAR","ZADAR",,53
362,20/04/04,"KATRINA","GDEROEP","ALSACE","ELZAS","ALSACE",06/05/04,73
363,20/04/04,"KATRINA","GDEROEP","AQUITAINE","AQUITANIE","AQUITAINE",25/05/04,73
364,20/04/04,"KATRINA","","AUVERGNE","AUVERGNE","AUVERGNE",,73
170,20/04/04,"KATRINA","GDEROEP","DERBYSHIRE (COUNTY)","DERBYSHIRE (COUNTY)","DERBYSHIRE (COUNTY)",09/07/04,222
721,09/07/04,"GDEROEP","","BERKSHIRE (COUNTY)","BERKSHIRE (COUNTY)","BERKSHIRE (COUNTY)",,222
722,09/07/04,"GDEROEP","","CUMBRIA (COUNTY)","CUMBRIA (COUNTY)","CUMBRIA (COUNTY)",,222
733,16/07/04,"GDEROEP","","MELILLA","MELILLA","MELILLA",,195
724,09/07/04,"GDEROEP","","EAST YORKSHIRE (COUNTY)","EAST YORKSHIRE (COUNTY)","EAST YORKSHIRE (COUNTY)",,222
725,09/07/04,"GDEROEP","","HERTFORSHIRE (COUNTY)","HERTFORSHIRE (COUNTY)","HERTFORSHIRE (COUNTY)",,222
769,23/07/04,"GDEROEP","","NITRA","NITRA","NITRA",,189
732,16/07/04,"GDEROEP","","CEUTA","CEUTA","CEUTA",,195
767,23/07/04,"GDEROEP","","ZILINA","ZILINA","ZILINA",,189
768,23/07/04,"GDEROEP","","PRESOV","PRESOV","PRESOV",,189
770,23/07/04,"GDEROEP","","KOSICE","KOSICE","KOSICE",,189
847,09/03/05,"GDEROEP","GDEROEP","COMMUNAUTE FRANCAISE","FRANSE GEMEENSCHAP","FRENCH COMMUNITY",09/03/05,21
848,11/05/05,"GDEROEP","","VARESE (PROVINCE)","VARESE (PROVINCIE)","VARESE (PROVINCIA)",,105
727,16/07/04,"GDEROEP","","GOTLAND (REGION)","GOTLAND (REGIO)","GOTLAND (REGION)",,203
728,16/07/04,"GDEROEP","","KALMAR","KALMAR","KALMAR",,203
729,16/07/04,"GDEROEP","","KRONOBERG","KRONOBERG","KRONOBERG",,203
730,16/07/04,"GDEROEP","GDEROEP","SODERMANLAND ( VOIX SORMLAND)","SODERMANLAND (ZIE SORMLAND)","SODERMANLAND (SEE SORMLAND)",16/07/04,203
731,16/07/04,"GDEROEP","","FIFE","FIFE","FIFE",,222
734,16/07/04,"GDEROEP","GDEROEP","GRECE CENTALE (STEREA ELLADA)","CENTRAAL GRIEKENLAND (STEREA ELLADA)","CENTRAL GREECE (STEREA ELLADA)",16/07/04,84
735,16/07/04,"GDEROEP","","GRECE DE L'OUEST (DYTIKI ELLADA)","WEST-GRIEKENLAND (DYTIKI ELLADA)","WESTERN GREECE (DYTIKI ELLADA)",,84
736,16/07/04,"GDEROEP","","(KENTRIKI MAKEDONIA)","WEST-MACEDONIE (KENTRIKI MAKEDONIA)","WESTERN MACEDONIA (KENTRIKI MAKEDONIA)",,84
737,16/07/04,"GDEROEP","","PELOPONISSOS","PELOPONNESSUS","PELOPONNESE",,84
738,16/07/04,"GDEROEP","GDEROEP","VOREIO AIGAIO","NOORD AEGIE (VOREIO AIGAIO)","NORTH AEGEAN (VOREIO AIGAIO)",16/07/04,84
739,16/07/04,"GDEROEP","GDEROEP","NOTIO AIGAIO","ZUID AEGIE (NOTIO AIGAIO)","SOUTH AEGIAN (NOTIO AIGAIO)",16/07/04,84
740,16/07/04,"GDEROEP","","APPENZELL RHODES-INTÉRIEURES","APPENZELL INNERHODEN","APPENZELL INNER RHODES",,204
741,16/07/04,"GDEROEP","","APPENZELL RHODES-EXTERIEURES","APPENZELL AUSSERHODEN","APPENZELL AUSSER RHODES",,204
742,16/07/04,"GDEROEP","","GLARIS","GLARUS","GLARUS",,204
743,16/07/04,"GDEROEP","","SCHAFFHOUSE","SCHAFFHAUSEN","SCHAFFHAUSEN",,204
295,20/04/04,"KATRINA","GDEROEP","ZALA (DISTRICT)","ZALA (DISTRICT)","ZALA (DISTRICT)",08/03/05,97
719,09/07/04,"GDEROEP","","LONDRES (REGION)","LONDEN (REGIO)","LONDON (REGION)",,222
746,19/07/04,"GDEROEP","","KYMENLAAKSO","KYMENLAAKSO","KYMENLAAKSO",,72
744,19/07/04,"GDEROEP","","ALAND","ALAND","ALAND",,72
745,19/07/04,"GDEROEP","","KAINUU","KAINUU","KAINUU",,72
747,19/07/04,"GDEROEP","GDEROEP","SAVONIE DU SUD (ETALA-SAVO)","ZUID-SAVO (ETALA-SAVO)","SOUTH SAVO (ETALA-SAVO)",19/07/04,72
748,19/07/04,"GDEROEP","","PAIJAT-HAME","PAIJAT-HAME","PAIJAT-HAME",,72
749,19/07/04,"GDEROEP","","KEOSTROBOTNIE CENTRALE (KESKI-POHJANMAA)","KESKI-POHJANMAA","CENTRAL OSTROBOTHNIA (KESKI-POHJANMAA)",,72
750,19/07/04,"GDEROEP","","ITA- UUSIMAA","ITA- UUSIMAA","ITA- UUSIMAA",,72
787,02/08/04,"PGERARD","","ALABAMA","ALABAMA","ALABAMA",,223
788,02/08/04,"PGERARD","PGERARD","ALASKA","ALASKA","ALASKA",02/08/04,223
789,02/08/04,"PGERARD","PGERARD","ARIZONA","ARIZONA","ARIZONA",02/08/04,223
790,02/08/04,"PGERARD","PGERARD","ARKANSAS","ARKANSAS","ARKANSAS",02/08/04,223
791,02/08/04,"PGERARD","PGERARD","CALIFORNIE","CALIFORNIA","CALIFORNIA",02/08/04,223
793,02/08/04,"PGERARD","PGERARD","CONNECTICUT","CONNECTICUT","CONNECTICUT",02/08/04,223
794,02/08/04,"PGERARD","PGERARD","DELAWARE","DELAWARE","DELAWARE",02/08/04,223
796,02/08/04,"PGERARD","PGERARD","FLORIDA","FLORIDA","FLORIDA",02/08/04,223
798,02/08/04,"PGERARD","PGERARD","HAWAÏ","HAWAII","HAWAII",02/08/04,223
799,02/08/04,"PGERARD","PGERARD","IDAHO","IDAHO","IDAHO",02/08/04,223
800,02/08/04,"PGERARD","PGERARD","ILLINOIS","ILLINOIS","ILLINOIS",02/08/04,223
801,02/08/04,"PGERARD","PGERARD","INDIANA","INDIANA","INDIANA",02/08/04,223
802,02/08/04,"PGERARD","PGERARD","IOWA","IOWA","IOWA",02/08/04,223
803,02/08/04,"PGERARD","PGERARD","KANSAS","KANSAS","KANSAS",02/08/04,223
804,02/08/04,"PGERARD","PGERARD","KENTUCKY","KENTUCKY","KENTUCKY",02/08/04,223
805,02/08/04,"PGERARD","PGERARD","LOUISIANE","LOUISIANA","LOUISIANA",02/08/04,223
806,02/08/04,"PGERARD","PGERARD","MAINE","MAINE","MAINE",02/08/04,223
807,02/08/04,"PGERARD","PGERARD","MARYLAND","MARYLAND","MARYLAND",02/08/04,223
808,02/08/04,"PGERARD","PGERARD","MASSACHUSETTS","MASSACHUSETTS","MASSACHUSETTS",02/08/04,223
809,02/08/04,"PGERARD","PGERARD","MICHIGAN","MICHIGAN","MICHIGAN",02/08/04,223
810,02/08/04,"PGERARD","PGERARD","MINNESOTA","MINNESOTA","MINNESOTA",02/08/04,223
811,02/08/04,"PGERARD","PGERARD","MISSISSIPPI","MISSISSIPPI","MISSISSIPPI",02/08/04,223
812,02/08/04,"PGERARD","PGERARD","MISSOURI","MISSOURI","MISSOURI",02/08/04,223
814,02/08/04,"PGERARD","GDEROEP","NEBRASKA","NEBRASKA","NEBRASKA",07/03/06,223
815,02/08/04,"PGERARD","PGERARD","NEVADA","NEVADA","NEVADA",02/08/04,223
816,02/08/04,"PGERARD","PGERARD","NEW HAMPSHIRE","NEW HAMPSHIRE","NEW HAMPSHIRE",02/08/04,223
817,02/08/04,"PGERARD","PGERARD","NEW JERSEY","NEW JERSEY","NEW JERSEY",02/08/04,223
818,02/08/04,"PGERARD","PGERARD","NOUVEAU-MEXIQUE","NIEUW-MEXICO","NEW-MEXICO",02/08/04,223
820,02/08/04,"PGERARD","PGERARD","CAROLINE DU NORD","NOORD CAROLINA","NORTH CAROLINA",02/08/04,223
821,02/08/04,"PGERARD","PGERARD","DAKOTA DU NORD","NOORD DAKOTA","NORTH DAKOTA",02/08/04,223
822,02/08/04,"PGERARD","PGERARD","OHIO","OHIO","OHIO",02/08/04,223
823,02/08/04,"PGERARD","PGERARD","OKLAHOMA","OKLAHOMA","OKLAHOMA",02/08/04,223
824,02/08/04,"PGERARD","PGERARD","ORÉGON","OREGON","OREGON",02/08/04,223
825,02/08/04,"PGERARD","PGERARD","PENNSYLVANIE","PENNSYLVANIË","PENNSYLVANIA",02/08/04,223
826,02/08/04,"PGERARD","PGERARD","RHODE ISLAND","RHODE ISLAND","RHODE ISLAND",02/08/04,223
827,02/08/04,"PGERARD","GDEROEP","CAROLINE DU SUD","ZUID-CAROLINA","SOUTH-CAROLINA",02/08/04,223
828,02/08/04,"PGERARD","GDEROEP","DAKOTA DU SUD","ZUID-DAKOTA","SOUTH-DAKOTA",03/08/04,223
829,02/08/04,"PGERARD","PGERARD","TENENESSEE","TENENESSEE","TENENESSEE",02/08/04,223
831,02/08/04,"PGERARD","PGERARD","UTAH","UTAH","UTAH",02/08/04,223
832,02/08/04,"PGERARD","PGERARD","VERMONT","VERMONT","VERMONT",02/08/04,223
833,02/08/04,"PGERARD","PGERARD","VIRGINIE","VIRGINIE","VIRGINIE",02/08/04,223
834,02/08/04,"PGERARD","PGERARD","WASHINTON","WASHINTON","WASHINTON",02/08/04,223
835,02/08/04,"PGERARD","PGERARD","VIRGINIE OCCIDENTALE","WEST VIRGINIË","WEST VIRGINIA",02/08/04,223
836,02/08/04,"PGERARD","PGERARD","WISCONSIN","WISCONSIN","WISCONSIN",02/08/04,223
837,02/08/04,"PGERARD","PGERARD","WYOMING","WYOMING","WYOMING",02/08/04,223
464,20/04/04,"KATRINA","GDEROEP","MAZOVIE","MAZOVIE","MAZOVIA",08/03/05,170
490,20/04/04,"KATRINA","GDEROEP","POMERANIE (POMORSKIE)","POMMEREN (POMORSKIE)","POMERANIA (POMORSKIE)",08/03/05,170
914,11/01/12,"PGERARD","","KATANGA","KATANGA","KATANGA",,49
915,11/01/12,"PGERARD","","SHAANXI","SHAANXI","SHAANXI",,44
1000,12/06/12,"PGERARD","PGERARD","KESKI-SUOMI","KESKI-SUOMI","CENTRAL FINLAND",12/06/12,72
1001,12/06/12,"PGERARD","","KESKI","KESKI","KESKI",,
1002,12/06/12,"PGERARD","","ETELA--POHJANMAA","ETELA--POHJANMAA","SOUTH OSTROBOTHNIA",,72
1003,12/06/12,"PGERARD","","DOLNOSLASKIE","DOLNOSLASKIE","DOLNOSLASKIE",,170
1004,12/06/12,"PGERARD","","LONDONDERRY","LONDONDERRY","LONDONDERRY",,222
1005,12/06/12,"PGERARD","","GAZIANTEP","GAZIANTEP","GAZIANTEP",,215
1006,12/06/12,"PGERARD","","KHARKIV","KHARKIV","KHARKIV",,220
1007,14/06/12,"PGERARD","","SANLIURFA","SANLIURFA","SANLIURFA",,215
874,06/09/06,"PGERARD","","VRATSA","VRATSA","VRATSA",,33
934,11/06/12,"PGERARD","","VRANCEA","VRANCEA","VRANCEA",,175
935,11/06/12,"PGERARD","","TBILISI","TBILISI","TBILISI",,80
936,11/06/12,"PGERARD","","TAVUSH","TAVUSH","TAVUSH",,11
937,11/06/12,"PGERARD","","STEREA ELLADA","STEREA ELLADA","STEREA ELLADA",,84
938,11/06/12,"PGERARD","","STEIER MARK","STEIER MARK","STEIER MARK",,14
939,11/06/12,"PGERARD","","SOROCA","SOROCA","SOROCA",,140
940,11/06/12,"PGERARD","","SLASKIE","SLASKIË","SLASKIA",,170
941,11/06/12,"PGERARD","","SISACKO-MOLSLAVACKA-ZUPANIJA","SISACKO-MOLSLAVACKA-ZUPANIJA","SISACKO-MOLSLAVACKA-ZUPANIJA",,97
942,11/06/12,"PGERARD","","SIBENSKO-KNINSKA ZUPANIJA","SIBENSKO-KNINSKA ZUPANIJA","SIBENSKO-KNINSKA ZUPANIJA",,97
943,11/06/12,"PGERARD","","SHKODER","SHKODER","SHKODER",,2
944,11/06/12,"PGERARD","","SHIRVAN","SHIRVAN","SHIRVAN",,15
945,11/06/12,"PGERARD","","SAMSUN","SAMSUN","SAMSUN",,215
946,11/06/12,"PGERARD","","REPUBLIKA SPPSKA","REPUBLIKA SPPSKA","REPUBLIKA SPPSKA",,27
947,11/06/12,"PGERARD","","POZESKO-SLAVONSKA ZUPANIJA","POZESKO-SLAVONSKA ZUPANIJA","POZESKO-SLAVONSKA ZUPANIJA",,97
948,11/06/12,"PGERARD","","POSAVINA","POSAVINA","POSAVINA",,27
949,11/06/12,"PGERARD","","PELAGONIA","PELAGONIA","PELAGONIA",,126
951,11/06/12,"PGERARD","GDEROEP","OLOMOUC","OLOMOUC","OLOMOUC",25/06/12,56
955,11/06/12,"PGERARD","","LORI","LORI","LORI",,11
953,11/06/12,"PGERARD","","NEAMT","NEAMT","NEAMT",,175
954,11/06/12,"PGERARD","GDEROEP","MEDIMURSKA (DISTRICT)","MEDIMURSKA (DISTRICT)","MEDIMURSKA (COUNTY)",25/06/12,53
956,11/06/12,"PGERARD","","KIEV","KIEV","KYIV",,220
957,11/06/12,"PGERARD","","KVEMO KARTLI","KVEMO KARTLI","KVEMO KARTLI",,80
961,11/06/12,"PGERARD","","KIRSEHIR","KIRSEHIR","KIRSEHIR",,215
960,11/06/12,"PGERARD","","KOCAELI","KOCAELI","KOCAELI",,215
962,11/06/12,"PGERARD","","KIROVOHRAD","KIROVOHRAD","KIROVOHRAD",,220
963,11/06/12,"PGERARD","GDEROEP","KHERSON (PROVINCE)","KHERSONS (PROVINCIE)","KHERSON (PROVINCE)",25/06/12,220
967,11/06/12,"PGERARD","","KAHRAMAN MARAS","KAHRAMAN MARAS","KAHRAMAN MARAS",,215
966,11/06/12,"PGERARD","","KAKHETI","KAKHETI","KAKHETI",,80
969,11/06/12,"PGERARD","","ISTAMBOUL","ISTAMBUL","ISTAMBUL",,215
970,11/06/12,"PGERARD","GDEROEP","INGOECHIE","INGJOESETIE","INGUSHETIA",25/06/12,176
971,11/06/12,"PGERARD","","HERCEGOVINA-NERETVA","HERCEGOVINA-NERETVA","HERCEGOVINA-NERETVA",,27
972,11/06/12,"PGERARD","","HERCEG-BOSNA","HERCEG-BOSNA","HERCEG-BOSNA",,27
973,11/06/12,"PGERARD","","GURIA","GURIA","GURIA",,80
974,11/06/12,"PGERARD","","GORJ","GORJ","GORJ",,175
975,11/06/12,"PGERARD","","EDIRNE","EDIRNE","EDIRNE",,215
976,11/06/12,"PGERARD","GDEROEP","BREGALNICA","BREGALNICA","BREGALNICA",25/06/12,126
977,11/06/12,"PGERARD","GDEROEP","DNEPROPETROVSK","DNJEPROPETROVSK","DNEPROPETROVSK",25/06/12,220
978,11/06/12,"PGERARD","","DENIZLI","DENIZLI","DENIZLI",,215
979,11/06/12,"PGERARD","","CLUJ","CLUJ","CLUJ",,175
980,11/06/12,"PGERARD","","BURSA","BURSA","BURSA",,215
981,11/06/12,"PGERARD","","BRODSKO-POSAVSKA ZUPANIJA","BRODSKO-POSAVSKA ZUPANIJA","BRODSKO-POSAVSKA ZUPANIJA",,97
982,11/06/12,"PGERARD","","BRCKO DISTRICT","BRCKO DISTRICT","BRCKO DISTRICT",,27
983,11/06/12,"PGERARD","","BOZEN-TIROL DU SUD","BOZEN-TIROL DU SUD","BOZEN- SUD TIROL",,105
984,11/06/12,"PGERARD","","BIHOR","BIHOR","BIHOR",,175
985,11/06/12,"PGERARD","GDEROEP","BAKU (DISTRICT DE SURAKHARI)","BAKU (SURAKHARI DISTRICT)","BAKU (SURAKHARI DISTRICT)",25/06/12,15
986,11/06/12,"PGERARD","","ZAPADNA HERCEGOVINA","ZAPADNA HERCEGOVINA","ZAPADNA HERCEGOVINA",,27
987,11/06/12,"PGERARD","PGERARD","ZAGREBACKA ZUPANIJA","ZAGREBACKA ZUPANIJA","ZAGREBACKA ZUPANIJA",11/06/12,97
988,11/06/12,"PGERARD","","ZADARSKA ZUPANIJA","ZADARSKA ZUPANIJA","ZADARSKA ZUPANIJA",,97
989,11/06/12,"PGERARD","GDEROEP","USAK","USAK","USAK",25/06/12,215
990,11/06/12,"PGERARD","","TUZLA","TUZLA","TUZLA",,27
991,11/06/12,"PGERARD","","VINNYTSIA","VINNYTSIA","VINNYTSIA",,220
992,11/06/12,"PGERARD","","VUKOVARSKO-SRIJEMSKA ZUPANIJA","VUKOVARSKO-SRIJEMSKA ZUPANIJA","VUKOVARSKO-SRIJEMSKA ZUPANIJA",,97
993,11/06/12,"PGERARD","","VARZDINSKA ZUPANIJA","VARZDINSKA ZUPANIJA","VARZDINSKA ZUPANIJA",,97
994,11/06/12,"PGERARD","","PRIMORSKO-GORANSKA ZUPANIJA","PRIMORSKO-GORANSKA ZUPANIJA","PRIMORSKO-GORANSKA ZUPANIJA",,97
995,11/06/12,"PGERARD","","MORDOVIJA","MORDOVIJA","MORDOVIJA",,176
996,11/06/12,"PGERARD","GDEROEP","LICKO-SENJSKA (DISTRICT)","LICKO-SENJSKA (DISTRICT)","LICKO-SENJSKA (COUNTY)",25/06/12,97
997,11/06/12,"PGERARD","","KRAPINSKO-ZAGORSKA ZUPANIJA","KRAPINSKO-ZAGORSKA ZUPANIJA","KRAPINSKO-ZAGORSKA ZUPANIJA",,97
998,11/06/12,"PGERARD","","KRALOVEHRADECKY","KRALOVEHRADECKY","KRALOVEHRADECKY",,56
999,11/06/12,"PGERARD","","ILFOV","ILFOV","ILFOV",,175
1008,21/06/12,"PGERARD","","DIYARBAKIR","DIYARBAKIR","DIYARBAKIR",,215
1009,21/06/12,"PGERARD","","GYEONGGI","GYEONGGI","GYEONGGI",,113
900,06/08/08,"GDEROEP","","ESZAK-ALFOLD","ESZAK-ALFOLD","ESZAK-ALFOLD (NORTHERN GREAT PLAIN)",,97
901,06/08/08,"GDEROEP","GDEROEP","ITA-SUOMI (PROVINCE)","OOST-FINLAND / ITA-SUOMI (PROVINCIE)","EAST-FINLAND / ITA-SUOMI (PROVINCE)",06/08/08,72
902,06/08/08,"GDEROEP","","LANSI-SUOMI (PROVINCE)","WEST-FINLAND / LANSI-SUOMI (PROVINCIE)","EASTERN FINLAND / LANSI-SUOMI (PROVINCE)",,
